<?xml version="1.0" encoding="utf-8"?>
<COLLADA xmlns="http://www.collada.org/2005/11/COLLADASchema" version="1.4.1" xmlns:xsi="http://www.w3.org/2001/XMLSchema-instance">
  <asset>
    <contributor>
      <author>Blender User</author>
      <authoring_tool>Blender 4.5.3 LTS commit date:2025-09-08, commit time:12:46, hash:67807e1800cc</authoring_tool>
    </contributor>
    <created>2025-09-17T01:10:05</created>
    <modified>2025-09-17T01:10:05</modified>
    <unit name="meter" meter="1"/>
    <up_axis>Z_UP</up_axis>
  </asset>
  <library_cameras>
    <camera id="Camera-camera" name="Camera">
      <optics>
        <technique_common>
          <perspective>
            <xfov sid="xfov">39.59775</xfov>
            <aspect_ratio>1.777778</aspect_ratio>
            <znear sid="znear">0.1</znear>
            <zfar sid="zfar">100</zfar>
          </perspective>
        </technique_common>
      </optics>
      <extra>
        <technique profile="blender">
          <shiftx sid="shiftx" type="float">0</shiftx>
          <shifty sid="shifty" type="float">0</shifty>
          <dof_distance sid="dof_distance" type="float">10</dof_distance>
        </technique>
      </extra>
    </camera>
  </library_cameras>
  <library_lights>
    <light id="Light-light" name="Light">
      <technique_common>
        <point>
          <color sid="color">1000 1000 1000</color>
          <constant_attenuation>1</constant_attenuation>
          <linear_attenuation>0</linear_attenuation>
          <quadratic_attenuation>0</quadratic_attenuation>
        </point>
      </technique_common>
      <extra>
        <technique profile="blender">
          <type sid="type" type="int">0</type>
          <flag sid="flag" type="int">0</flag>
          <mode sid="mode" type="int">2097153</mode>
          <red sid="red" type="float">1</red>
          <green sid="green" type="float">1</green>
          <blue sid="blue" type="float">1</blue>
          <energy sid="blender_energy" type="float">1000</energy>
          <spotsize sid="spotsize" type="float">75</spotsize>
          <spotblend sid="spotblend" type="float">0.15</spotblend>
          <clipsta sid="clipsta" type="float">0.04999995</clipsta>
          <clipend sid="clipend" type="float">40</clipend>
          <radius sid="radius" type="float">0.1</radius>
          <area_shape sid="area_shape" type="int">1</area_shape>
          <area_size sid="area_size" type="float">0.1</area_size>
          <area_sizey sid="area_sizey" type="float">0.1</area_sizey>
          <area_sizez sid="area_sizez" type="float">1</area_sizez>
        </technique>
      </extra>
    </light>
  </library_lights>
  <library_effects>
    <effect id="Titanium_-_Polished-effect">
      <profile_COMMON>
        <technique sid="common">
          <lambert>
            <emission>
              <color sid="emission">0 0 0 1</color>
            </emission>
            <diffuse>
              <color sid="diffuse">0.7490196 0.7294118 0.7019608 1</color>
            </diffuse>
            <reflectivity>
              <float sid="specular">1</float>
            </reflectivity>
            <index_of_refraction>
              <float sid="ior">1.5</float>
            </index_of_refraction>
          </lambert>
        </technique>
      </profile_COMMON>
    </effect>
  </library_effects>
  <library_images/>
  <library_materials>
    <material id="Titanium_-_Polished-material" name="Titanium - Polished">
      <instance_effect url="#Titanium_-_Polished-effect"/>
    </material>
  </library_materials>
  <library_geometries>
    <geometry id="Body1-mesh" name="Body1">
      <mesh>
        <source id="Body1-mesh-positions">
          <float_array id="Body1-mesh-positions-array" count="2643">4.5 0 0 4.5 0 2 4.481797 -0.404345 2 4.424874 -0.8188337 2 4.326295 -1.238212 2 4.184047 -1.656426 2 3.997278 -2.066826 2 3.76648 -2.462444 2 3.493589 -2.836342 2 3.181981 -3.181981 2 2.836342 -3.493589 2 2.462444 -3.76648 2 2.066826 -3.997278 2 1.656426 -4.184047 2 1.238212 -4.326295 2 0.8188337 -4.424874 2 0.404345 -4.481797 2 0 -4.5 2 -0.404345 -4.481797 2 -0.8188337 -4.424874 2 -1.238212 -4.326295 2 -1.656426 -4.184047 2 -2.066826 -3.997278 2 -2.462444 -3.76648 2 -2.836342 -3.493589 2 -3.181981 -3.181981 2 -3.493589 -2.836342 2 -3.76648 -2.462444 2 -3.997278 -2.066826 2 -4.184047 -1.656426 2 -4.326295 -1.238212 2 -4.424874 -0.8188337 2 -4.481797 -0.404345 2 -4.5 0 2 -4.5 0 0 -4.481797 -0.404345 0 -4.424874 -0.8188337 0 -4.326295 -1.238212 0 -4.184047 -1.656426 0 -3.997278 -2.066826 0 -3.76648 -2.462444 0 -3.493589 -2.836342 0 -3.181981 -3.181981 0 -2.836342 -3.493589 0 -2.462444 -3.76648 0 -2.066826 -3.997278 0 -1.656426 -4.184047 0 -1.238212 -4.326295 0 -0.8188337 -4.424874 0 -0.404345 -4.481797 0 0 -4.5 0 0.404345 -4.481797 0 0.8188337 -4.424874 0 1.238212 -4.326295 0 1.656426 -4.184047 0 2.066826 -3.997278 0 2.462444 -3.76648 0 2.836342 -3.493589 0 3.181981 -3.181981 0 3.493589 -2.836342 0 3.76648 -2.462444 0 3.997278 -2.066826 0 4.184047 -1.656426 0 4.326295 -1.238212 0 4.424874 -0.8188337 0 4.481797 -0.404345 0 4.476113 -0.4630496 1 4.401067 -0.9384083 1 4.270758 -1.417966 1 4.082775 -1.892341 1 3.836829 -2.351327 1 3.535038 -2.784512 1 3.181981 -3.181981 1 2.784512 -3.535038 1 2.351327 -3.836829 1 1.892341 -4.082775 1 1.417966 -4.270758 1 0.9384083 -4.401067 1 0.4630496 -4.476113 1 0 -4.5 1 -0.4630496 -4.476113 1 -0.9384083 -4.401067 1 -1.656426 -4.184047 1 -2.351327 -3.836829 1 -2.988291 -3.364538 1 -3.535038 -2.784512 1 -3.966973 -2.124411 1 -4.270758 -1.417966 1 -4.445275 -0.6996634 1 0.75 0 2 0.75 0 7 0.737479 -0.1364722 7 0.6973412 -0.276071 7 0.6277467 -0.4104073 7 0.5303301 -0.5303301 7 0.4104073 -0.6277467 7 0.276071 -0.6973412 7 0.1364722 -0.737479 7 0 -0.75 7 -0.1364722 -0.737479 7 -0.276071 -0.6973412 7 -0.4104073 -0.6277467 7 -0.5303301 -0.5303301 7 -0.6277467 -0.4104073 7 -0.6973412 -0.276071 7 -0.737479 -0.1364722 7 -0.75 0 7 -0.75 0 2 -0.737479 -0.1364722 2 -0.6973412 -0.276071 2 -0.6277467 -0.4104073 2 -0.5303301 -0.5303301 2 -0.4104073 -0.6277467 2 -0.276071 -0.6973412 2 -0.1364722 -0.737479 2 0 -0.75 2 0.1364722 -0.737479 2 0.276071 -0.6973412 2 0.4104073 -0.6277467 2 0.5303301 -0.5303301 2 0.6277467 -0.4104073 2 0.6973412 -0.276071 2 0.737479 -0.1364722 2 0.7335112 -0.1564013 4.5 0.6804624 -0.3153901 4.5 0.589173 -0.4640853 4.5 0.4640853 -0.589173 4.5 0.3153901 -0.6804624 4.5 0.1564013 -0.7335112 4.5 0 -0.75 4.5 -0.1564013 -0.7335112 4.5 -0.276071 -0.6973412 4.5 -0.3918879 -0.6394716 4.5 -0.4980484 -0.5607564 4.5 -0.589173 -0.4640853 4.5 -0.6611622 -0.3540686 4.5 -0.711793 -0.2363277 4.5 -0.7408792 -0.1166105 4.5 0 0.75 7 0 0.6997463 8.021973 0 0.5464289 9.049299 0 0.2884433 10.06639 0 -0.07265359 11.05732 0 -0.532102 12.00666 0 -1.08214 12.90024 0 -1.712433 13.72585 -3.49467e-7 -2.410499 14.47398 0.1463535 -2.420243 14.46375 0.2865637 -2.450012 14.43249 0.4157794 -2.498142 14.38195 0.5295805 -2.562278 14.31461 0.6235476 -2.640068 14.23293 0.6932765 -2.72915 14.13939 0.7356809 -2.82644 14.03724 0.7499998 -2.927586 13.93103 0.7355006 -3.028549 13.82521 0.6929995 -3.125598 13.72331 0.6237333 -3.215084 13.62935 0.5305131 -3.293598 13.54691 0.4169891 -3.357942 13.47935 0.2873915 -3.405668 13.42924 0.1466407 -3.435229 13.3982 3.43076e-7 -3.445393 13.38734 0 -2.849653 12.74763 0 -2.312138 12.04161 0 -1.843124 11.27775 0 -1.45139 10.46643 0 -1.143525 9.619732 0 -0.9235709 8.750778 0 -0.7928501 7.873111 0.737479 0.1364722 7 0.6973412 0.276071 7 0.6277467 0.4104073 7 0.5303301 0.5303301 7 0.4104073 0.6277467 7 0.276071 0.6973412 7 0.1364722 0.737479 7 0.159991 -0.7434245 7.43687 0.1130473 0.7289798 7.508957 0.1130473 0.7383324 7.253963 0.2291512 0.7110449 7.253297 0.3437097 0.6635295 7.252137 0.4514939 0.5958203 7.250484 0.547316 0.509751 7.248384 0.6267947 0.408859 7.245921 0.6869998 0.2979165 7.243214 0.7267877 0.1822144 7.240389 0.749616 0.0211113 7.236457 0.7377685 -0.1377366 7.23258 0.688352 -0.3005672 7.228606 0.5988767 -0.4542375 7.224855 0.4734027 -0.5844178 7.221678 0.3223999 -0.6798458 7.219348 0.159991 -0.7353965 7.217993 0.1130473 0.6276677 8.534661 0.2291512 0.6006704 8.530636 0.3437097 0.5536603 8.523628 0.4514939 0.4866713 8.513642 0.547316 0.4015174 8.500946 0.6267947 0.3016984 8.486066 0.6869998 0.1919359 8.469703 0.7267877 0.0774644 8.452638 0.749616 -0.08192521 8.428876 0.7377685 -0.2390837 8.405447 0.688352 -0.4001824 8.381431 0.5988767 -0.5522184 8.358766 0.4734027 -0.6810141 8.339565 0.3223999 -0.7754272 8.32549 0.159991 -0.8303871 8.317296 0.159991 -0.7756818 7.874926 0.3223999 -0.720394 7.880493 0.4734027 -0.625409 7.889969 0.5988767 -0.4958289 7.902853 0.688352 -0.3428651 7.918044 0.7377685 -0.1807829 7.934136 0.749616 -0.02266579 7.949843 0.7267877 0.1376957 7.965775 0.6869998 0.2528651 7.97722 0.6267947 0.3632962 7.9882 0.547316 0.4637221 7.998196 0.4514939 0.5493921 8.00674 0.3437097 0.6167849 8.013484 0.2291512 0.6640751 8.018249 0.1130473 0.691229 8.021029 0.1130473 0.2803494 10.06356 0.2291512 0.2543579 10.05521 0.3437097 0.209028 10.04092 0.4514939 0.1443916 10.02068 0.547316 0.06220144 9.995046 0.6267947 -0.03416126 9.965053 0.6869998 -0.1401345 9.932108 0.7267877 -0.2506602 9.89777 0.749616 -0.4045581 9.849966 0.7377685 -0.5563042 9.802837 0.688352 -0.7118619 9.754551 0.5988767 -0.8586658 9.708972 0.4734027 -0.9830145 9.670313 0.3223999 -1.074139 9.64188 0.159991 -1.127138 9.625178 0.159991 -0.9066937 8.754418 0.3223999 -0.8522589 8.765582 0.4734027 -0.7587127 8.784584 0.5988767 -0.6310824 8.810422 0.688352 -0.4804145 8.840884 0.7377685 -0.3207643 8.873155 0.749616 -0.1650218 8.904653 0.7267877 -0.007069349 8.936602 0.6869998 0.1063691 8.959551 0.6267947 0.2151387 8.98157 0.547316 0.3140501 9.001615 0.4514939 0.3984232 9.018749 0.3437097 0.4647887 9.032275 0.2291512 0.5113484 9.04183 0.1130473 0.5380692 9.047406 0.1130473 -0.0805456 11.05398 0.2291512 -0.1056855 11.04335 0.3437097 -0.1494615 11.02484 0.4514939 -0.211842 10.99846 0.547316 -0.2911376 10.96492 0.6267947 -0.3840894 10.92562 0.6869998 -0.4863006 10.88239 0.7267877 -0.5928969 10.83731 0.749616 -0.7413211 10.77454 0.7377685 -0.8876677 10.71265 0.688352 -1.037683 10.64921 0.5988767 -1.17926 10.58934 0.4734027 -1.299195 10.53861 0.3223999 -1.387113 10.50144 0.159991 -1.438291 10.47979 0.1130473 -0.5396161 12.00254 0.2291512 -0.5635522 11.98942 0.3437097 -0.6052317 11.96658 0.4514939 -0.6646248 11.93403 0.547316 -0.740123 11.89265 0.6267947 -0.8286234 11.84414 0.6869998 -0.9259398 11.7908 0.7267877 -1.027431 11.73517 0.749616 -1.168748 11.65772 0.7377685 -1.308086 11.58135 0.688352 -1.450917 11.50306 0.5988767 -1.585714 11.42918 0.4734027 -1.699905 11.36659 0.3223999 -1.783613 11.32071 0.159991 -1.832341 11.294 0.1130473 -1.089202 12.89539 0.2291512 -1.111697 12.87993 0.3437097 -1.150867 12.85301 0.4514939 -1.206683 12.81464 0.547316 -1.277635 12.76588 0.6267947 -1.360807 12.70871 0.6869998 -1.452263 12.64585 0.7267877 -1.547643 12.5803 0.749616 -1.68045 12.48902 0.7377685 -1.811398 12.39901 0.688352 -1.945629 12.30676 0.5988767 -2.072309 12.21969 0.4734027 -2.179624 12.14593 0.3223999 -2.258291 12.09186 0.159991 -2.304085 12.06039 0.1130473 -1.718977 13.72032 0.2291512 -1.73982 13.7027 0.3437097 -1.776113 13.67201 0.4514939 -1.827832 13.62828 0.547316 -1.893575 13.57269 0.6267947 -1.970639 13.50752 0.6869998 -2.055381 13.43587 0.7267877 -2.143758 13.36114 0.749616 -2.266814 13.25709 0.7377685 -2.388148 13.15449 0.688352 -2.512523 13.04932 0.5988767 -2.629902 12.95007 0.4734027 -2.729338 12.86599 0.3223999 -2.802229 12.80436 0.159991 -2.84466 12.76848 0.159991 -0.7568858 7.656439 0.3223999 -0.7014688 7.660522 0.4734027 -0.6062704 7.667536 0.5988767 -0.4764034 7.677104 0.688352 -0.3231027 7.688399 0.7377685 -0.160664 7.700366 0.749616 -0.002198159 7.712042 0.7267877 0.1585173 7.723883 0.6869998 0.273941 7.732387 0.6267947 0.3846165 7.740541 0.547316 0.4852657 7.747956 0.4514939 0.571128 7.754282 0.3437097 0.6386743 7.759259 0.2291512 0.6860753 7.762751 0.1130473 0.7132972 7.764757 0.3223999 -0.6879237 7.439587 0.4734027 -0.5925815 7.444255 0.5988767 -0.4625182 7.450623 0.688352 -0.3089859 7.458139 0.7377685 -0.1463018 7.466104 0.749616 0.01240336 7.473875 0.7267877 0.1733617 7.481755 0.6869998 0.2889598 7.487414 0.6267947 0.3998025 7.492841 0.547316 0.5006039 7.497776 0.4514939 0.5865958 7.501986 0.3437097 0.6542441 7.505298 0.2291512 0.7017168 7.507622 0.65 -3 14 -0.1464375 -2.420821 14.46333 -0.2870204 -2.450303 14.43237 -0.4165077 -2.497912 14.38238 -0.5299948 -2.562119 14.31496 -0.6232554 -2.640495 14.23267 -0.6926332 -2.729865 14.13883 -0.7353028 -2.826837 14.03701 -0.7499998 -2.927586 13.93103 -0.65 -3 14 -0.6374514 -2.912559 14.09181 -0.6005193 -2.828454 14.18012 -0.5404018 -2.750927 14.26153 -0.4595456 -2.682928 14.33292 -0.361121 -2.62722 14.39142 -0.2487969 -2.585915 14.43479 -0.1268343 -2.560345 14.46164 2.10888e-4 -2.551569 14.47085 0.127101 -2.56005 14.46195 0.2486468 -2.585898 14.43481 0.360642 -2.627664 14.39095 0.4592541 -2.683304 14.33253 0.540652 -2.75077 14.26169 0.6010174 -2.82801 14.18059 0.6376814 -2.912345 14.09204 0.5784316 -2.69173 14.25118 0.6692185 -2.821126 14.11532 0.4850803 -2.616533 14.33014 0.3718323 -2.555544 14.39418 0.243429 -2.511292 14.44064 0.1046273 -2.486282 14.4669 -0.03908568 -2.481855 14.47155 -0.1811793 -2.497684 14.45493 -0.3153945 -2.533011 14.41784 -0.4362985 -2.586349 14.36183 -0.5470702 -2.662812 14.28155 -0.6305897 -2.754358 14.18542 -0.6823298 -2.856393 14.07829 0.65 -2.927586 13.93103 -0.65 -2.927586 13.93103 -0.641595 -2.856402 14.00578 -0.6169263 -2.787026 14.07862 -0.5768134 -2.721168 14.14777 -0.5220761 -2.66054 14.21143 -0.4511155 -2.605021 14.26973 -0.3678795 -2.558284 14.3188 -0.2747634 -2.521466 14.35746 -0.1741626 -2.495702 14.38451 -0.06858235 -2.481937 14.39897 0.03886365 -2.480336 14.40065 0.1452633 -2.490776 14.38969 0.2477045 -2.513137 14.36621 0.3407204 -2.545963 14.33174 0.4249392 -2.588635 14.28693 0.498331 -2.639944 14.23306 0.5588662 -2.698678 14.17139 0.5980732 -2.752237 14.11515 0.6265341 -2.808938 14.05561 0.6439216 -2.867739 13.99387 0.64392 -2.903938 14.02836 0.626532 -2.84514 14.0901 0.5980716 -2.788442 14.14964 0.5588662 -2.734885 14.20587 0.498331 -2.676151 14.26754 0.4249392 -2.624842 14.32142 0.3407204 -2.58217 14.36622 0.2477045 -2.549344 14.40069 0.1452633 -2.526983 14.42417 0.03886365 -2.516542 14.43513 -0.06858235 -2.518144 14.43345 -0.1741626 -2.531908 14.419 -0.2747634 -2.557673 14.39194 -0.3678795 -2.594491 14.35328 -0.4511155 -2.641228 14.30421 -0.5220761 -2.696747 14.24592 -0.5768134 -2.757375 14.18226 -0.6169263 -2.823233 14.11311 -0.641595 -2.892609 14.04026 0.4031129 -2.906183 13.95351 0.2031129 -3.051011 14.09144 0.1031129 -3.123425 14.1604 0.05311286 -3.159631 14.19489 0.02811288 -3.177735 14.21213 0.003112852 -3.195838 14.22937 0.003060877 -3.196229 14.22896 0.002894282 -3.196628 14.22854 0.002605438 -3.197013 14.22814 0.002201139 -3.197356 14.22778 0.001703381 -3.197635 14.22748 0.001145839 -3.197834 14.22727 5.66432e-4 -3.197949 14.22715 0 -3.197985 14.22712 -5.66432e-4 -3.197949 14.22715 -0.001145839 -3.197834 14.22727 -0.001703381 -3.197635 14.22748 -0.002201139 -3.197356 14.22778 -0.002605438 -3.197013 14.22814 -0.002894282 -3.196628 14.22854 -0.003060877 -3.196229 14.22896 -0.003112852 -3.195838 14.22937 -0.02811288 -3.177735 14.21213 -0.05311286 -3.159631 14.19489 -0.1031129 -3.123425 14.1604 -0.2031129 -3.051011 14.09144 -0.4031129 -2.906183 13.95351 -0.3963831 -2.95677 13.90039 -0.3748096 -3.008517 13.84606 -0.3374037 -3.058312 13.79377 -0.2850438 -3.102765 13.7471 -0.2205873 -3.138875 13.70918 -0.1483837 -3.164672 13.68209 -0.07335162 -3.179551 13.66647 0 -3.184192 13.6616 0.07335162 -3.179551 13.66647 0.1483837 -3.164672 13.68209 0.2205873 -3.138875 13.70918 0.2850438 -3.102765 13.7471 0.3374037 -3.058312 13.79377 0.3748096 -3.008517 13.84606 0.3963831 -2.95677 13.90039 0.1997219 -3.0765 14.06468 0.188852 -3.102572 14.0373 0.1700046 -3.127663 14.01095 0.1436225 -3.150061 13.98744 0.1111453 -3.168255 13.96833 0.07476478 -3.181253 13.95468 0.03695899 -3.18875 13.94681 0 -3.191088 13.94436 -0.03695899 -3.18875 13.94681 -0.07476478 -3.181253 13.95468 -0.1111453 -3.168255 13.96833 -0.1436225 -3.150061 13.98744 -0.1700046 -3.127663 14.01095 -0.188852 -3.102572 14.0373 -0.1997219 -3.0765 14.06468 0.3963831 -2.855596 14.00662 0.3748096 -2.803849 14.06096 0.3374037 -2.754054 14.11324 0.2850438 -2.709601 14.15992 0.2205873 -2.673491 14.19783 0.1483837 -2.647694 14.22492 0.07335162 -2.632815 14.24054 0 -2.628174 14.24542 -0.07335162 -2.632815 14.24054 -0.1483837 -2.647694 14.22492 -0.2205873 -2.673491 14.19783 -0.2850438 -2.709601 14.15992 -0.3374037 -2.754054 14.11324 -0.3748096 -2.803849 14.06096 -0.3963831 -2.855596 14.00662 -0.003060877 -3.195447 14.22978 -0.002894282 -3.195048 14.2302 -0.002605438 -3.194664 14.2306 -0.002201139 -3.19432 14.23096 -0.001703381 -3.194041 14.23126 -0.001145839 -3.193842 14.23147 -5.66432e-4 -3.193727 14.23159 0 -3.193691 14.23162 5.66432e-4 -3.193727 14.23159 0.001145839 -3.193842 14.23147 0.001703381 -3.194041 14.23126 0.002201139 -3.19432 14.23096 0.002605438 -3.194664 14.2306 0.002894282 -3.195048 14.2302 0.003060877 -3.195447 14.22978 0.1997219 -3.025521 14.1182 0.188852 -2.999449 14.14558 0.1700046 -2.974359 14.17192 0.1436225 -2.951961 14.19544 0.1111453 -2.933766 14.21455 0.07476478 -2.920768 14.22819 0.03695899 -2.913271 14.23606 0 -2.910933 14.23852 -0.03695899 -2.913271 14.23606 -0.07476478 -2.920768 14.22819 -0.1111453 -2.933766 14.21455 -0.1436225 -2.951961 14.19544 -0.1700046 -2.974359 14.17192 -0.188852 -2.999449 14.14558 -0.1997219 -3.025521 14.1182 0 -3.195838 14.22937 0.6460936 -2.976659 13.87951 0.6277096 -3.043631 13.80919 0.5948321 -3.10792 13.74168 0.5483756 -3.168093 13.6785 0.4892544 -3.222715 13.62115 0.4181008 -3.270699 13.57077 0.337162 -3.310648 13.52882 0.248421 -3.341732 13.49618 0.1538605 -3.363122 13.47372 0.0673601 -3.373393 13.46294 -0.02036505 -3.375543 13.46068 -0.1077226 -3.369607 13.46691 -0.1931202 -3.35562 13.4816 -0.3376047 -3.310576 13.5289 -0.4620938 -3.242849 13.60001 -0.5574339 -3.158029 13.68907 -0.6209687 -3.060061 13.79194 -0.6426877 -2.994574 13.8607 -0.6376814 -3.087655 13.90796 -0.6010174 -3.17199 13.81941 -0.540652 -3.24923 13.73831 -0.4592541 -3.316696 13.66747 -0.360642 -3.372336 13.60905 -0.2486468 -3.414102 13.56519 -0.127101 -3.43995 13.53805 -2.10885e-4 -3.448431 13.52915 0.1268343 -3.439655 13.53836 0.2487969 -3.414085 13.56521 0.361121 -3.37278 13.60858 0.4595456 -3.317072 13.66707 0.5404019 -3.249073 13.73847 0.6005193 -3.171546 13.81988 0.6374514 -3.087441 13.90819 0.6460936 -3.012865 13.91399 0.6183156 -3.101636 13.82078 0.5653134 -3.184788 13.73347 0.4892544 -3.258922 13.65563 0.4181008 -3.306905 13.60525 0.337162 -3.346855 13.5633 0.248421 -3.377939 13.53066 0.1538605 -3.399329 13.5082 0.0673601 -3.4096 13.49742 -0.02036505 -3.41175 13.49516 -0.1077226 -3.405814 13.50139 -0.1931202 -3.391827 13.51608 -0.3376047 -3.346783 13.56338 -0.4620938 -3.279056 13.63449 -0.5574339 -3.194236 13.72355 -0.6209687 -3.096268 13.82642 -0.6426877 -3.030781 13.89518 -0.7358835 -3.028762 13.8248 -0.6936528 -3.12613 13.72256 -0.6240298 -3.215327 13.62891 -0.5300909 -3.293253 13.54708 -0.4162476 -3.357527 13.4796 -0.2869265 -3.405775 13.42894 -0.146555 -3.435623 13.3976 0.6824421 -3.071211 13.85273 0.6307923 -3.173295 13.74554 0.5473222 -3.264914 13.64934 0.4365514 -3.341457 13.56897 0.3156039 -3.394862 13.5129 0.18131 -3.430237 13.47575 0.0391134 -3.44609 13.45911 -0.1047073 -3.441657 13.46376 -0.2435987 -3.41661 13.49006 -0.3720618 -3.372299 13.53659 -0.4853357 -3.311239 13.6007 -0.5786746 -3.23597 13.67973 -0.6693685 -3.106492 13.81568 -0.1364722 0.737479 7 -0.276071 0.6973412 7 -0.4104073 0.6277467 7 -0.5303301 0.5303301 7 -0.6277467 0.4104073 7 -0.6973412 0.276071 7 -0.737479 0.1364722 7 -0.159991 0.7202955 7.508532 -0.1130473 -0.7521088 7.436445 -0.159991 0.619068 8.533379 -0.159991 -1.725616 13.71471 -0.3223999 -1.768047 13.67883 -0.4734027 -1.840939 13.61719 -0.5988767 -1.940375 13.53311 -0.688352 -2.057753 13.43386 -0.7377685 -2.182129 13.32869 -0.749616 -2.303462 13.2261 -0.7267877 -2.426518 13.12205 -0.6869998 -2.514895 13.04732 -0.6267947 -2.599637 12.97566 -0.547316 -2.676702 12.9105 -0.4514939 -2.742444 12.85491 -0.3437097 -2.794163 12.81118 -0.2291512 -2.830457 12.78049 -0.1130473 -2.8513 12.76286 -0.159991 -1.096367 12.89046 -0.3223999 -1.142161 12.85899 -0.4734027 -1.220828 12.80492 -0.5988767 -1.328144 12.73116 -0.688352 -1.454823 12.64409 -0.7377685 -1.589054 12.55183 -0.749616 -1.720002 12.46183 -0.7267877 -1.852809 12.37055 -0.6869998 -1.948189 12.305 -0.6267947 -2.039646 12.24214 -0.547316 -2.122817 12.18497 -0.4514939 -2.193769 12.13621 -0.3437097 -2.249586 12.09784 -0.2291512 -2.288756 12.07092 -0.1130473 -2.311251 12.05546 -0.159991 -0.5472406 11.99837 -0.3223999 -0.5959686 11.97166 -0.4734027 -0.6796761 11.92578 -0.5988767 -0.7938675 11.86319 -0.688352 -0.928664 11.78931 -0.7377685 -1.071496 11.71102 -0.749616 -1.210834 11.63465 -0.7267877 -1.35215 11.55719 -0.6869998 -1.453642 11.50157 -0.6267947 -1.550958 11.44823 -0.547316 -1.639458 11.39972 -0.4514939 -1.714956 11.35834 -0.3437097 -1.77435 11.32579 -0.2291512 -1.816029 11.30294 -0.1130473 -1.839965 11.28982 -0.159991 -0.08855366 11.0506 -0.3223999 -0.1397325 11.02895 -0.4734027 -0.2276502 10.99177 -0.5988767 -0.3475853 10.94105 -0.688352 -0.4891618 10.88118 -0.7377685 -0.6391775 10.81774 -0.749616 -0.785524 10.75585 -0.7267877 -0.9339482 10.69308 -0.6869998 -1.040544 10.648 -0.6267947 -1.142756 10.60477 -0.547316 -1.235707 10.56546 -0.4514939 -1.315003 10.53193 -0.3437097 -1.377384 10.50555 -0.2291512 -1.421159 10.48704 -0.1130473 -1.446299 10.4764 -0.159991 0.2720785 10.06087 -0.3223999 0.2191056 10.04408 -0.4734027 0.128008 10.01556 -0.5988767 0.003683865 9.976826 -0.688352 -0.1431011 9.931186 -0.7377685 -0.2986476 9.882864 -0.749616 -0.4503908 9.835727 -0.7267877 -0.6042941 9.78794 -0.6869998 -0.7148287 9.75363 -0.6267947 -0.8208149 9.720727 -0.547316 -0.9171937 9.690787 -0.4514939 -0.9994022 9.66521 -0.3437097 -1.064058 9.645035 -0.2291512 -1.109407 9.630802 -0.1130473 -1.135416 9.622515 -0.159991 0.5295613 9.045611 -0.3223999 0.4751378 9.034391 -0.4734027 0.3816034 9.01533 -0.5988767 0.2539839 8.989439 -0.688352 0.1033243 8.958935 -0.7377685 -0.05632096 8.92664 -0.749616 -0.2120622 8.895136 -0.7267877 -0.370017 8.863199 -0.6869998 -0.4834595 8.840269 -0.6267947 -0.5922347 8.818279 -0.547316 -0.6911532 8.798268 -0.4514939 -0.7755343 8.781174 -0.3437097 -0.8419082 8.76769 -0.2291512 -0.8884762 8.758176 -0.1130473 -0.9152046 8.752638 -0.3223999 0.5641081 8.525186 -0.4734027 0.469695 8.511111 -0.5988767 0.3408994 8.49191 -0.688352 0.1888633 8.469244 -0.7377685 0.02776467 8.445228 -0.749616 -0.1293938 8.421799 -0.7267877 -0.2887834 8.398038 -0.6869998 -0.403255 8.380973 -0.6267947 -0.5130175 8.36461 -0.547316 -0.6128365 8.349729 -0.4514939 -0.6979903 8.337035 -0.3437097 -0.7649794 8.327048 -0.2291512 -0.8119894 8.320039 -0.1130473 -0.8389867 8.316015 -0.159991 0.704626 7.764118 -0.3223999 0.649209 7.760035 -0.4734027 0.5540105 7.753021 -0.5988767 0.4241435 7.743453 -0.688352 0.2708429 7.732159 -0.7377685 0.1084041 7.720191 -0.749616 -0.05006164 7.708515 -0.7267877 -0.2107771 7.696674 -0.6869998 -0.3262008 7.68817 -0.6267947 -0.4368763 7.680016 -0.547316 -0.5375256 7.672601 -0.4514939 -0.6233878 7.666275 -0.3437097 -0.6909341 7.661298 -0.2291512 -0.7383352 7.657806 -0.1130473 -0.765557 7.6558 -0.1130473 -0.7843312 7.874039 -0.2291512 -0.7571755 7.8768 -0.3437097 -0.7098832 7.881544 -0.4514939 -0.6424883 7.888268 -0.547316 -0.5568164 7.896792 -0.6267947 -0.4563888 7.906771 -0.6869998 -0.3459564 7.917737 -0.7267877 -0.230786 7.929171 -0.749616 -0.07042384 7.945098 -0.7377685 0.08769297 7.960808 -0.688352 0.2497739 7.976912 -0.5988767 0.4027357 7.992124 -0.4734027 0.5323132 8.005035 -0.3223999 0.6272953 8.01454 -0.159991 0.6825804 8.020134 -0.1130473 -0.7440887 7.217781 -0.2291512 -0.7168011 7.218446 -0.3437097 -0.6692857 7.219606 -0.4514939 -0.6015765 7.221259 -0.547316 -0.5155072 7.22336 -0.6267947 -0.4146152 7.225822 -0.6869998 -0.3036727 7.22853 -0.7267877 -0.1879706 7.231354 -0.749616 -0.02686756 7.235286 -0.7377685 0.1319804 7.239163 -0.688352 0.2948109 7.243138 -0.5988767 0.4484813 7.246889 -0.4734027 0.5786616 7.250066 -0.3223999 0.6740896 7.252395 -0.159991 0.7296403 7.253751 -0.2291512 -0.7248458 7.43778 -0.3437097 -0.6773731 7.440104 -0.4514939 -0.6097247 7.443416 -0.547316 -0.5237329 7.447626 -0.6267947 -0.4229314 7.452561 -0.6869998 -0.3120887 7.457988 -0.7267877 -0.1964906 7.463647 -0.749616 -0.03553235 7.471528 -0.7377685 0.1231728 7.479298 -0.688352 0.285857 7.487262 -0.5988767 0.4393892 7.494779 -0.4734027 0.5694525 7.501147 -0.3223999 0.6647948 7.505815 0.737479 0.1364722 2 0.6973412 0.276071 2 0.6277467 0.4104073 2 0.5303301 0.5303301 2 0.4104073 0.6277467 2 0.276071 0.6973412 2 0.1364722 0.737479 2 0 0.75 2 -0.1364722 0.737479 2 -0.276071 0.6973412 2 -0.4104073 0.6277467 2 -0.5303301 0.5303301 2 -0.6277467 0.4104073 2 -0.6973412 0.276071 2 -0.737479 0.1364722 2 0.711793 0.2363277 4.5 0.7408792 0.1166105 4.5 0.6611622 0.3540686 4.5 0.589173 0.4640853 4.5 0.4980484 0.5607564 4.5 0.3918879 0.6394716 4.5 0.276071 0.6973412 4.5 0.1564013 0.7335112 4.5 0 0.75 4.5 -0.1564013 0.7335112 4.5 -0.3153901 0.6804624 4.5 -0.4640853 0.589173 4.5 -0.589173 0.4640853 4.5 -0.6804624 0.3153901 4.5 -0.7335112 0.1564013 4.5 4.481797 0.404345 0 4.424874 0.8188337 0 4.326295 1.238212 0 4.184047 1.656426 0 3.997278 2.066826 0 3.76648 2.462444 0 3.493589 2.836342 0 3.181981 3.181981 0 2.836342 3.493589 0 2.462444 3.76648 0 2.066826 3.997278 0 1.656426 4.184047 0 1.238212 4.326295 0 0.8188337 4.424874 0 0.404345 4.481797 0 0 4.5 0 -0.404345 4.481797 0 -0.8188337 4.424874 0 -1.238212 4.326295 0 -1.656426 4.184047 0 -2.066826 3.997278 0 -2.462444 3.76648 0 -2.836342 3.493589 0 -3.181981 3.181981 0 -3.493589 2.836342 0 -3.76648 2.462444 0 -3.997278 2.066826 0 -4.184047 1.656426 0 -4.326295 1.238212 0 -4.424874 0.8188337 0 -4.481797 0.404345 0 -4.481797 0.404345 2 -4.424874 0.8188337 2 -4.326295 1.238212 2 -4.184047 1.656426 2 -3.997278 2.066826 2 -3.76648 2.462444 2 -3.493589 2.836342 2 -3.181981 3.181981 2 -2.836342 3.493589 2 -2.462444 3.76648 2 -2.066826 3.997278 2 -1.656426 4.184047 2 -1.238212 4.326295 2 -0.8188337 4.424874 2 -0.404345 4.481797 2 0 4.5 2 0.404345 4.481797 2 0.8188337 4.424874 2 1.238212 4.326295 2 1.656426 4.184047 2 2.066826 3.997278 2 2.462444 3.76648 2 2.836342 3.493589 2 3.181981 3.181981 2 3.493589 2.836342 2 3.76648 2.462444 2 3.997278 2.066826 2 4.184047 1.656426 2 4.326295 1.238212 2 4.424874 0.8188337 2 4.481797 0.404345 2 4.270758 1.417966 1 4.445275 0.6996634 1 3.966973 2.124411 1 3.535038 2.784512 1 2.988291 3.364538 1 2.351327 3.836829 1 1.656426 4.184047 1 0.9384083 4.401067 1 0.4630496 4.476113 1 0 4.5 1 -0.4630496 4.476113 1 -0.9384083 4.401067 1 -1.417966 4.270758 1 -1.892341 4.082775 1 -2.351327 3.836829 1 -2.784512 3.535038 1 -3.181981 3.181981 1 -3.535038 2.784512 1 -3.836829 2.351327 1 -4.082775 1.892341 1 -4.270758 1.417966 1 -4.401067 0.9384083 1 -4.476113 0.4630496 1 0 0 0</float_array>
          <technique_common>
            <accessor source="#Body1-mesh-positions-array" count="881" stride="3">
              <param name="X" type="float"/>
              <param name="Y" type="float"/>
              <param name="Z" type="float"/>
            </accessor>
          </technique_common>
        </source>
        <source id="Body1-mesh-normals">
          <float_array id="Body1-mesh-normals-array" count="3246">1 -1.27949e-5 -1.28886e-5 1 3.23431e-5 3.45793e-5 0.9959549 -0.08985447 -1.12747e-4 0.9946887 -0.1029299 1.16536e-5 0.9833055 -0.1819629 1.73787e-5 0.9780216 -0.2085039 0 0.9613987 -0.2751592 -1.55275e-5 0.9490738 -0.3150539 0 0.9297872 -0.3680973 -2.14914e-5 0.907274 -0.4205402 0 0.8882831 -0.4592964 -9.26107e-6 0.852519 -0.5226962 0 0.8369927 -0.5472141 -1.29654e-5 0.7855333 -0.6188195 0 0.776328 -0.6303291 -2.99852e-5 0.7071068 -0.7071068 0 0.7071067 -0.7071069 0 0.6303291 -0.7763282 -3.00305e-5 0.6188196 -0.7855333 0 0.547214 -0.8369928 -1.26022e-5 0.522696 -0.8525191 0 0.4592965 -0.8882831 -9.1563e-6 0.4206281 -0.9072332 0 0.3680975 -0.9297872 -2.18013e-5 0.3151467 -0.949043 0 0.2751564 -0.9613996 3.30347e-5 0.2086466 -0.9779911 0 0.1819629 -0.9833055 1.72488e-5 0.1032587 -0.9946546 0 0.0898512 -0.9959552 -7.78755e-5 0 -1 -1.45746e-7 0 -1 0 -0.08985126 -0.9959552 -7.77391e-5 -0.1032587 -0.9946546 0 -0.1819629 -0.9833054 1.73601e-5 -0.2085556 -0.9780106 -6.32019e-7 -0.2751609 -0.9613983 2.33017e-6 -0.3682473 -0.9297279 0 -0.3681132 -0.929781 0 -0.4592758 -0.8882938 3.38245e-5 -0.5225575 -0.852604 0 -0.5472017 -0.8370008 -5.6054e-6 -0.6302776 -0.7763699 1.92758e-5 -0.6640506 -0.7476876 0 -0.70713 -0.7070837 2.62209e-5 -0.7854812 -0.6188856 0 -0.776354 -0.6302972 -2.38826e-7 -0.8369948 -0.5472109 9.39227e-6 -0.881427 -0.4723203 0 -0.8882952 -0.459273 8.50001e-6 -0.9297981 -0.36807 -1.86616e-5 -0.9490617 -0.3150907 0 -0.9614031 -0.275144 1.13652e-5 -0.9878413 -0.1554662 5.36733e-6 -0.9833028 -0.1819775 7.51321e-6 -0.9959556 -0.0898478 9.64198e-6 -1 1.27949e-5 -1.28867e-5 -0.9959656 -0.08973741 4.56453e-5 -1 -3.23431e-5 3.45793e-5 0.9959573 -0.08982849 -1.20768e-5 0.9833055 -0.1819627 -1.73773e-5 0.9613987 -0.2751592 1.55263e-5 0.9297872 -0.3680975 2.14693e-5 0.8882831 -0.4592965 9.19099e-6 0.8369928 -0.547214 1.29554e-5 0.776328 -0.6303291 2.99988e-5 0.6303291 -0.7763282 3.0004e-5 0.5472139 -0.8369928 1.26876e-5 0.4592963 -0.8882831 9.32533e-6 0.3680973 -0.9297873 2.19746e-5 0.2751564 -0.9613996 -3.29141e-5 0.1819629 -0.9833054 -1.71375e-5 0.08985126 -0.9959552 7.7941e-5 0 -1 0 -0.0898512 -0.9959552 7.79765e-5 -0.1819629 -0.9833055 -1.71375e-5 -0.275161 -0.9613982 -2.21457e-6 -0.3681132 -0.929781 0 -0.4592758 -0.8882938 -3.40063e-5 -0.5472016 -0.8370008 5.35068e-6 -0.6302776 -0.7763699 -1.90837e-5 -0.70713 -0.7070837 -2.61387e-5 -0.776354 -0.6302971 3.40573e-7 -0.8369948 -0.5472109 -9.45106e-6 -0.8882952 -0.459273 -8.41805e-6 -0.9297834 -0.3681072 -9.26899e-6 -0.9614031 -0.2751441 -1.14408e-5 -0.9833027 -0.1819776 -7.22148e-6 1 -1.08002e-5 -1.66142e-5 1 1.11829e-6 8.84953e-7 0.9832992 -0.1819967 -4.44372e-6 0.9780154 -0.2085328 3.7875e-7 0.9297791 -0.3681181 -1.25797e-5 0.9072666 -0.4205562 1.83107e-7 0.8369901 -0.5472182 -1.36027e-5 0.7855227 -0.618833 0 0.7071068 -0.7071068 -9.94027e-5 0.6189878 -0.7854007 0 0.5471936 -0.8370061 2.66184e-5 0.4205562 -0.9072666 0 0.3681182 -0.9297791 -1.26297e-5 0.208545 -0.9780128 -2.99624e-7 0.1819946 -0.9832996 -4.14843e-6 0 -1 0 0 -1 0 -0.1819946 -0.9832996 -4.05667e-6 -0.2085453 -0.9780127 -2.81856e-7 -0.3681375 -0.9297714 -1.62111e-5 -0.3681066 -0.9297837 0 -0.5226089 -0.8525726 0 -0.3681025 -0.9297853 -4.58511e-5 -0.5472083 -0.8369965 8.91929e-6 0.9833044 -0.1819688 -2.65938e-6 0.929789 -0.368093 -8.09735e-5 0.8369962 -0.5472087 -1.22986e-5 0.7071052 -0.7071084 1.98531e-5 0.5472111 -0.8369947 -1.69597e-5 0.368096 -0.9297879 -1.42191e-5 0.181961 -0.9833058 7.60061e-6 3.18163e-7 -1 1.72034e-5 -0.181959 -0.9833061 2.01996e-5 -0.6641409 -0.7476074 0 -0.7071098 -0.7071039 -2.57245e-5 -0.7854704 -0.6188993 0 -0.8369947 -0.5472111 -1.31387e-5 -0.8814928 -0.4721976 0 -0.9297826 -0.3681091 -4.42981e-5 -0.949068 -0.3150714 -1.502e-7 -0.9833064 -0.181958 1.41458e-5 -0.9878437 -0.1554507 -1.86058e-7 -1 -1.21084e-6 8.42119e-7 -1 1.08002e-5 -1.66143e-5 -0.9833045 -0.1819683 -2.00421e-6 -0.9297766 -0.3681244 -2.15311e-5 -0.837012 -0.5471847 4.23603e-5 -0.7071022 -0.7071114 -1.11803e-4 -0.5471894 -0.8370089 2.72327e-5 1.67852e-5 0.9951759 0.09810686 0.1507211 0.9873939 0.04833924 -2.94717e-6 1 1.00785e-5 0.1507054 0.9882844 0.02412682 0.1819629 0.9833054 -1.94646e-7 0.3055502 0.9518914 0.02328246 0.3681751 0.9297565 5.1205e-5 0.4582886 0.888538 0.0217238 0.547297 0.8369386 3.07486e-5 0.6019955 0.7982614 0.01949596 0.7071489 0.7070647 1.39754e-4 0.72981 0.6834443 0.01677089 0.8369936 0.5472126 2.35636e-6 0.835753 0.5489422 0.0133984 0.9159869 0.4010888 0.009798824 0.915974 0.4007577 0.01962083 0.9690482 0.2465764 0.01207214 0.9690478 0.2462059 0.01814019 0.9994896 0.03186178 0.002347409 0.9994879 0.03184455 0.003136515 0.9836909 -0.1790017 -0.01762878 0.9836894 -0.1779096 -0.02652233 0.9177664 -0.3927801 -0.05855429 0.9178028 -0.3892933 -0.07803118 0.7985023 -0.5902602 -0.1182666 0.7985278 -0.5753594 -0.1769601 0.6312292 -0.741336 -0.227971 0.6312313 -0.7143428 -0.3020952 0.4298824 -0.8315799 -0.3516759 0.4298733 -0.7917604 -0.4339638 0.2133457 -0.8567273 -0.4695765 0.2133203 -0.8051453 -0.5533854 2.3542e-5 -0.8248096 -0.5654108 -5.43147e-6 -0.7645241 -0.6445952 0.2133015 -0.7460325 -0.6308234 4.73348e-6 -0.6977379 -0.7163531 0.1955556 -0.6842292 -0.7025585 0.4298568 -0.6894541 -0.5829889 0.3832968 -0.6443765 -0.6617119 0.6311981 -0.5922635 -0.5008124 0.5560267 -0.5798211 -0.5955182 0.7984984 -0.459699 -0.3886867 0.7074237 -0.4930107 -0.5064506 0.8318216 -0.3871151 -0.3977624 0.9178073 -0.3031662 -0.2563595 0.9241623 -0.2663791 -0.2737995 0.9836881 -0.13734 -0.1161699 0.9809287 -0.1355163 -0.1393352 0.9999998 4.81026e-4 4.95707e-4 0.9994869 0.02446764 0.02067387 0.9805713 0.1367273 0.1406611 0.9690592 0.1884829 0.1593692 0.9233718 0.2675637 0.2753075 0.9159846 0.3063721 0.2590527 0.8357003 0.4193658 0.3545946 0.8357085 0.4525826 0.3110635 0.7297652 0.5634446 0.3872634 0.7297586 0.5995532 0.3286159 0.6019129 0.7002778 0.3838126 0.6019949 0.7354387 0.3110181 0.4581554 0.8186806 0.3462019 0.4581564 0.84947 0.2617123 0.3055896 0.9099881 0.2802444 0.3055375 0.9335719 0.1873243 0.1507318 0.9692549 0.1944867 0.1507106 0.9777721 0.1457669 -2.04009e-5 0.9804545 0.1967464 0.150724 0.9838095 0.09695941 0.1507268 0.9859035 0.07263505 0.3055382 0.9475862 0.09341704 0.3055012 0.9496165 0.06998258 0.4582807 0.8845207 0.08718985 0.4583697 0.8863591 0.06530559 0.6019914 0.7946519 0.07832467 0.6020759 0.7962799 0.0586785 0.7297503 0.6804153 0.06707859 0.7298091 0.6818032 0.05023163 0.8357254 0.5465012 0.05384767 0.8357197 0.5476719 0.04035043 0.9159983 0.399249 0.03933614 0.9159927 0.4001106 0.02947866 0.9690567 0.2456489 0.02420008 0.1508331 0.9447632 0.2909845 -1.5907e-5 0.9556418 0.2945317 0.1507797 0.9104956 0.3850498 -6.76327e-6 0.9210253 0.389503 0.1507302 0.8668994 0.4751483 -1.89766e-5 0.8769803 0.4805266 0.1508002 0.8146965 0.5599366 -2.19618e-5 0.8241156 0.5664217 0.150801 0.7549097 0.6382558 1.19526e-5 0.7636058 0.6456828 -3.00404e-6 0.6965677 0.7174912 0.1949973 0.6832329 0.7036824 0.305582 0.7271367 0.6147291 0.3055276 0.7847068 0.5393406 0.3055862 0.8349744 0.4576407 0.3056252 0.8769565 0.3708646 0.3821508 0.6437594 0.6629741 0.4582806 0.6787432 0.5738351 0.4581661 0.7326562 0.5032879 0.4581543 0.7795241 0.4271265 0.5550003 0.5795221 0.5967654 0.6019537 0.6097898 0.5155659 0.6019896 0.658059 0.4522908 0.706701 0.4929382 0.5075289 0.7297295 0.5221136 0.4414662 0.8310004 0.3876318 0.3989737 -3.70014e-6 -0.8774063 -0.4797483 0.2133563 -0.8998168 -0.3805377 0.4298843 -0.8630129 -0.2653459 0.6312052 -0.7605034 -0.1523638 0.7985164 -0.5953936 -0.08875936 0.9178022 -0.3951271 -0.03890699 0.9836877 -0.1793988 -0.01321738 0.9994865 0.03200697 0.001567006 0.9690473 0.2468019 0.006019294 0.9297702 0.3681406 -2.10561e-5 -8.03507e-6 -0.9213387 -0.3887609 0.2133004 -0.9338564 -0.2870804 0.4298633 -0.8853116 -0.1773166 0.631254 -0.7670991 -0.1143566 0.798502 -0.5990971 -0.058968 0.9177854 -0.3960036 -0.02917587 0.9836963 -0.179623 -0.008794128 0.9994878 0.03199672 8.24897e-4 0.9833052 0.1819647 -1.02943e-6 3.18968e-5 -0.9558662 -0.2938023 0.2133228 -0.9579576 -0.191861 0.4298691 -0.8930225 -0.1331299 0.6312083 -0.7718811 -0.07599824 0.7983508 -0.6005656 -0.04424154 0.9178045 -0.3965578 -0.01941472 0.9836922 -0.1798065 -0.004394114 1.75717e-5 -0.9805321 -0.1963592 0.2133131 -0.9663056 -0.1440526 0.4298704 -0.8985484 -0.08844357 0.6312676 -0.7734688 -0.05698573 0.7983507 -0.6014716 -0.02946346 0.9178015 -0.3969221 -0.009668886 1.88379e-5 -0.9951941 -0.09792202 0.2133234 -0.9722849 -0.09568315 0.429831 -0.9004687 -0.06634336 0.6311914 -0.7746993 -0.03792804 0.7985024 -0.6018127 -0.01467567 0.213313 -0.9758153 -0.04777133 0.2133115 -0.9743433 -0.07178664 0.2133435 -0.976686 -0.02385383 0.4298689 -0.9026228 -0.02202343 0.6312078 -0.7753837 -0.01889413 0.305644 0.9510067 0.04656201 0.4583705 0.8876978 0.04346352 0.602078 0.7974812 0.03906482 0.7298118 0.6828304 0.03342789 0.8356943 0.5485379 0.0268563 0.4299207 -0.9017866 -0.04415071 0.3055925 0.9417546 0.1403982 0.4582724 0.8790971 0.1310533 0.4582805 0.8714484 0.1748054 0.6017468 0.7899515 0.117803 0.6019926 0.7829103 0.1570242 0.6019517 0.7631776 0.2349773 0.7297372 0.6762543 0.1008155 0.7297497 0.6703595 0.1344746 0.7297598 0.6534406 0.2011622 0.7297223 0.6297455 0.2663195 0.8357324 0.5431349 0.08096945 0.8357242 0.5384286 0.1079807 0.8357288 0.5248404 0.161555 0.8357242 0.5057806 0.2138952 0.8357281 0.4815539 0.2639402 0.9160048 0.3967826 0.05915176 0.9159987 0.3933514 0.07887351 0.9159859 0.3834585 0.118023 0.9160033 0.3694884 0.1562577 0.915987 0.3518271 0.1928362 0.9159929 0.3306302 0.2272456 0.969057 0.2441393 0.03639554 0.9690576 0.2420174 0.04852908 0.9690511 0.2359407 0.07260978 0.9690488 0.2273731 0.09615659 0.969052 0.2164735 0.1186496 0.969057 0.2034227 0.1398138 0.999487 0.03167855 0.004722774 0.9994882 0.03136909 0.006287932 0.9994875 0.03059935 0.009415507 0.9994871 0.02949714 0.01247471 0.9994875 0.02807253 0.01538681 0.9994868 0.02640116 0.01814603 0.9836915 -0.1763571 -0.03534454 0.917876 -0.37932 -0.1167048 0.7985023 -0.5544497 -0.2344774 0.6312215 -0.6801404 -0.3727847 0.4298614 -0.7440889 -0.5114206 0.9836611 -0.1720563 -0.05298507 0.9836633 -0.1658073 -0.07010412 0.9836606 -0.1578854 -0.08651077 0.9836559 -0.1484146 -0.1019519 0.9177819 -0.3657244 -0.1546676 0.7985219 -0.5278756 -0.2893274 0.6312448 -0.6391717 -0.4393058 0.9177756 -0.3482217 -0.1908651 0.9179029 -0.3270303 -0.2247346 0.7985098 -0.4961026 -0.3409758 0.7071066 -0.512039 0.4876642 0.7071059 -0.511705 0.4880158 0.6942239 -0.4182503 0.5857644 0.6766279 -0.3695489 0.6368739 0.6539427 -0.3257097 0.6828413 0.5819499 -0.2333717 0.7790199 0.5858403 -0.2373553 0.7748895 0.4985722 -0.1636537 0.8512598 0.4892903 -0.1573454 0.8578097 0.3951225 -0.1047942 0.9126316 0.378915 -0.0975058 0.9202805 0.2753992 -0.06047236 0.9594261 0.2505938 -0.05372607 0.9666004 0.1388529 -0.03185474 0.9898006 0.1049736 -0.02773833 0.9940881 -0.001654863 -0.02215319 0.9997533 -0.04117077 -0.02290892 0.9988895 -0.1389163 -0.03149372 0.9898032 -0.1840222 -0.03878784 0.9821565 -0.271081 -0.05925834 0.9607307 -0.3186761 -0.0743938 0.9449399 -0.3928624 -0.1044 0.913652 -0.4414953 -0.1290312 0.8879375 -0.5013148 -0.1661007 0.8491725 -0.5537073 -0.2067198 0.8066444 -0.5886055 -0.2398493 0.7720208 -0.6376829 -0.2995412 0.7096729 -0.6541005 -0.3250481 0.6830054 -0.6897349 -0.4029969 0.6015474 -0.6938697 -0.4164874 0.5874378 -0.7071037 -0.5120587 0.4876478 -0.6937909 -0.416199 0.5877352 -0.7071107 -0.5116973 0.4880168 0.6940816 -0.4179444 0.5861514 0.6537432 -0.3254157 0.6831724 0.5856029 -0.2371206 0.7751408 0.4982802 -0.1634562 0.8514688 0.394773 -0.1046347 0.9128011 0.2750841 -0.06038475 0.9595221 0.1385596 -0.03181141 0.9898431 -0.001873075 -0.02216112 0.9997527 -0.139072 -0.03152334 0.9897804 -0.2711041 -0.05927431 0.9607232 -0.3927944 -0.1043751 0.913684 -0.5011811 -0.1659928 0.8492726 -0.5884357 -0.2397119 0.7721927 -0.6539492 -0.3248226 0.6832576 -0.9908727 -0.09296607 -0.09761488 -0.9999979 -0.001416504 -0.001486301 -0.9908673 -0.0929749 -0.09766125 -0.9999979 -0.001406848 -0.001512289 -0.9806539 -0.1349954 -0.1417545 -0.9645516 -0.1820006 -0.1910918 -0.9244603 -0.2629498 -0.2760992 -0.921123 -0.268464 -0.2818861 -0.859794 -0.3521679 -0.369773 -0.8597889 -0.3521714 -0.3697816 -0.7655171 -0.4437201 -0.4659355 -0.7655708 -0.4436923 -0.4658739 -0.6540408 -0.5216915 -0.5477853 -0.6540398 -0.5216975 -0.5477807 -0.5260786 -0.5865003 -0.6158399 -0.5260955 -0.5865003 -0.6158255 -0.3810182 -0.6376016 -0.6695442 -0.3810275 -0.6376304 -0.6695116 -0.2213202 -0.6725491 -0.7061836 -0.2213936 -0.6725427 -0.7061665 -0.05985563 -0.688416 -0.7228422 -0.05981624 -0.6884225 -0.7228392 0.10329 -0.6859643 -0.7202668 0.103327 -0.6859639 -0.7202618 0.2679486 -0.6644287 -0.6976662 0.2678967 -0.6644511 -0.6976649 0.4248732 -0.6243118 -0.6555286 0.424942 -0.6242917 -0.655503 0.566259 -0.5684382 -0.5968492 0.5662404 -0.5684424 -0.5968627 0.6925666 -0.4974877 -0.5223577 0.6925599 -0.4974902 -0.5223641 0.8031916 -0.4108401 -0.4313859 0.8031845 -0.4108477 -0.4313919 0.8885484 -0.316401 -0.3322231 0.8885561 -0.3163905 -0.3322125 0.949531 -0.2163037 -0.2271645 0.9495257 -0.2163374 -0.2271544 0.9869834 -0.1109087 -0.1164612 0.9869777 -0.1109364 -0.1164831 1 -7.01868e-6 -7.98493e-6 1 1.75452e-5 -2.44118e-5 0.9804387 -0.1357402 -0.1425292 0.9243308 -0.2631372 -0.2763538 0.8321236 -0.3824697 -0.4016059 0.7053179 -0.4888888 -0.5133366 0.5557141 -0.5733874 -0.6020039 -0.8306062 -0.384036 -0.403249 -0.7062928 -0.4882127 -0.5126392 -0.5569847 -0.5727853 -0.6014027 -0.3826459 -0.6371604 -0.6690357 -0.1933683 -0.6766594 -0.7104512 -0.001380383 -0.6896568 -0.7241351 0.1933258 -0.6766704 -0.7104523 0.3848881 -0.6365185 -0.6683602 -0.9211097 -0.2684849 -0.2819092 -0.9645091 -0.182107 -0.1912048 0.707104 -0.5120401 0.4876667 0.7071167 -0.5120378 0.4876508 0.6953019 -0.6007789 0.394487 0.6953007 -0.6007835 0.394482 0.6574612 -0.6915451 0.2991826 0.6574506 -0.6915634 0.2991635 0.5918236 -0.778918 0.207441 0.5917999 -0.7789427 0.2074156 0.4999988 -0.8568715 0.125589 0.5 -0.8568702 0.1255921 0.3870494 -0.9201607 0.05913609 0.3868836 -0.9202355 0.05905735 0.2603688 -0.9654397 0.01159316 0.2603053 -0.965457 0.01157486 0.1286221 -0.9915672 -0.01584059 0.1287169 -0.9915551 -0.01582801 -1.03852e-6 -0.9997028 -0.02438181 0 -0.9997028 -0.02438324 -0.1286231 -0.991567 -0.01584053 -0.1287178 -0.991555 -0.01582771 -0.2603722 -0.9654388 0.01159441 -0.2602169 -0.9654811 0.01154989 -0.386971 -0.9201961 0.05909913 -0.3868824 -0.920236 0.05905717 -0.5000017 -0.8568692 0.1255925 -0.4999996 -0.8568704 0.1255928 -0.5917733 -0.7789709 0.2073852 -0.5918011 -0.7789416 0.2074159 -0.6574268 -0.6916055 0.2991188 -0.6574335 -0.6915936 0.2991313 -0.6952931 -0.6008123 0.3944518 -0.6953005 -0.6007844 0.3944813 -0.7071118 -0.5120381 0.4876577 -0.7070994 -0.5120455 0.4876679 -0.7070944 -0.5120556 0.4876644 -0.695287 -0.6008024 0.3944776 -0.707135 -0.5119804 0.4876846 -0.7072548 -0.5121839 0.4872969 -0.7070806 -0.5120663 0.4876734 0.7071033 -0.5120459 0.4876617 0.6952836 -0.6008118 0.3944692 0.6574637 -0.6915383 0.2991929 0.5918499 -0.7788881 0.2074777 0.4999615 -0.856883 0.1256585 0.386849 -0.920251 0.05904352 0.2603749 -0.9654381 0.01158601 0.1286594 -0.9915625 -0.0158357 -1.99392e-6 -0.9997019 -0.02441638 -0.1286576 -0.9915626 -0.01583635 -0.2603718 -0.9654389 0.01159697 -0.3870645 -0.9201544 0.05913525 -0.4999632 -0.8568807 0.125667 -0.591823 -0.7789177 0.2074435 -0.6574662 -0.691538 0.299188 0.7071155 -0.5120236 0.4876674 0.7072546 -0.512185 0.4872961 0.707054 -0.5120958 0.487681 0.6952979 -0.4232741 0.5808614 0.6953017 -0.4233061 0.5808336 0.6952837 -0.4232383 0.5809045 0.6574336 -0.3324924 0.6761878 0.6574468 -0.3325287 0.6761571 0.5918639 -0.2451939 0.7678393 0.591801 -0.2451428 0.7679041 0.4999776 -0.1672173 0.8497416 0.5000068 -0.1672115 0.8497256 0.3870285 -0.1041409 0.916168 0.3870142 -0.1039083 0.9162004 0.2602682 -0.05862015 0.9637553 0.2603291 -0.05863493 0.9637379 0.1286906 -0.03252696 0.9911513 0.1286627 -0.03252351 0.991155 7.79242e-6 -0.02438271 0.9997028 1.04784e-5 -0.02438372 0.9997027 -0.128738 -0.03254395 0.9911445 -0.1286377 -0.03252047 0.9911583 -0.2602864 -0.05862283 0.9637503 -0.2603012 -0.0586276 0.9637459 -0.3868829 -0.103891 0.9162579 -0.3871614 -0.1039761 0.9161305 -0.4999811 -0.1672173 0.8497397 -0.499993 -0.1672138 0.8497333 -0.5918547 -0.2452276 0.7678356 -0.5917948 -0.245138 0.7679104 -0.6574502 -0.3325172 0.6761595 -0.657432 -0.3324905 0.6761904 -0.6952981 -0.4232742 0.5808609 -0.695292 -0.4232699 0.5808716 -0.6952931 -0.4232732 0.5808678 0.6574255 -0.3324783 0.6762025 0.5918237 -0.245168 0.7678785 0.4999991 -0.1672186 0.8497288 0.3869621 -0.1038859 0.916225 0.2603139 -0.05863118 0.9637423 0.1286623 -0.03252369 0.991155 -3.00825e-5 -0.02438408 0.9997028 -0.1286519 -0.03252226 0.9911564 -0.260369 -0.0586459 0.9637265 -0.387052 -0.103926 0.9161823 -0.5000032 -0.167215 0.849727 -0.5917667 -0.2451082 0.7679416 -0.6574608 -0.3325399 0.676138 0 -0.7239894 0.6898111 0 -0.7243136 0.6894707 3.79452e-6 -0.7241467 0.6896461 2.48702e-4 -0.724231 0.6895574 -2.29816e-4 -0.7241265 0.6896673 -2.24919e-5 -0.7242173 0.6895719 1.52205e-4 -0.7240902 0.6897054 -1.33676e-4 -0.7241098 0.6896847 -1.45803e-4 -0.7241948 0.6895955 9.61629e-5 -0.7241371 0.6896561 1.98114e-4 -0.7240943 0.689701 -1.37452e-4 -0.7241365 0.6896568 2.61001e-5 -0.724165 0.6896268 2.45616e-5 -0.724132 0.6896615 -5.0451e-5 -0.7241237 0.6896702 -2.17567e-4 -0.7241424 0.6896505 4.68333e-4 -0.7241058 0.6896889 -2.48756e-4 -0.7243086 0.689476 0 -0.7242971 0.6894881 0 -0.7239574 0.6898447 -3.46182e-5 -0.7241886 0.689602 2.79112e-5 -0.7241604 0.6896316 9.22721e-5 -0.7241089 0.6896856 -5.14234e-5 -0.7241343 0.689659 -5.30711e-4 -0.7241598 0.6896321 1.86632e-4 -0.7241026 0.6896922 0 -0.7242401 0.689548 -1.86632e-4 -0.7241026 0.6896922 9.94501e-5 -0.7241407 0.6896523 9.5485e-5 -0.7241315 0.6896619 -8.93856e-5 -0.7240903 0.6897051 -4.06306e-5 -0.7241613 0.6896307 0 -0.7243016 0.6894832 -0.9804705 0.1356356 0.1424099 -0.99399 0.07550001 0.07926934 -0.9939894 0.07550185 0.07927703 -0.9654445 0.1797385 0.1887093 -0.95109 0.2130429 0.2236974 -0.9237492 0.2641175 0.2773617 -0.8706493 0.3392569 0.3561946 -0.8324205 0.3821729 0.4012728 -0.7527145 0.4540497 0.4767177 -0.7059323 0.4884672 0.5128931 -0.6419859 0.5287784 0.5552005 -0.5549579 0.5737097 0.6023944 -0.5189023 0.5895398 0.619018 -0.3844646 0.6366321 0.6684958 -0.3839107 0.6367983 0.6686558 -0.2367054 0.6700546 0.7035606 -0.2367146 0.6700543 0.7035577 -0.1028265 0.6860021 0.7202971 -0.915452 0.2775588 0.291391 -0.8447587 0.3690766 0.3875117 -0.7525056 0.4542 0.4769044 -0.6419073 0.5288147 0.5552568 -0.5188988 0.5895442 0.6190167 -0.3836758 0.6368712 0.6687211 -0.1024189 0.686027 0.7203314 0.03133481 0.6893159 0.723783 0.0313242 0.6893137 0.7237855 0.1644343 0.6802636 0.7142849 0.1645479 0.6802525 0.7142693 0.2971267 0.6585018 0.6914414 0.2971208 0.6585137 0.6914325 0.5194771 0.589293 0.6187708 0.5194469 0.5893067 0.6187832 0.7108589 0.4850585 0.5093113 0.7109093 0.485018 0.5092795 0.8577089 0.3545743 0.3723071 0.8577076 0.354582 0.3723025 0.9553275 0.2038279 0.214018 0.9553363 0.2038081 0.2139976 0.9887719 0.1030585 0.1082098 0.9887706 0.103061 0.1082184 0.9807406 0.1346879 0.1414471 0.923305 0.2648673 0.2781247 0.8316203 0.382985 0.4021571 0.7070717 0.4876819 0.5120702 0.5551189 0.5736342 0.6023179 0.383446 0.6369413 0.6687862 0.194171 0.6765356 0.7103502 7.00822e-4 0.689663 0.7241302 -0.1943594 0.6765203 0.7103132 -3.53892e-6 -0.724138 0.6896551 3.13148e-7 -0.724136 0.6896572 2.21758e-6 -0.724137 0.6896562 1.63795e-7 -0.7241383 0.6896548 2.19428e-6 -0.7241395 0.6896536 3.33293e-7 -0.7241389 0.6896542 5.53471e-7 -0.7241384 0.6896547 -2.78969e-6 -0.7241374 0.6896557 -4.61676e-7 -0.7241377 0.6896555 -6.37526e-6 -0.7241411 0.6896519 -5.70933e-6 -0.7241373 0.6896559 0 -0.724136 0.6896573 -4.19802e-6 -0.7241376 0.6896556 -2.60987e-6 -0.7241362 0.689657 -5.47286e-7 -0.7241389 0.6896543 -4.18505e-6 -0.7241374 0.6896557 0 -0.7241397 0.6896533 -5.30946e-7 -0.7241371 0.6896562 -1.06134e-6 -0.7241398 0.6896533 2.59154e-7 -0.7241356 0.6896578 8.59314e-6 -0.7241381 0.6896551 0 -0.7241366 0.6896566 -7.75189e-6 -0.724138 0.6896551 4.90516e-6 -0.7241379 0.6896553 -9.47048e-6 -0.7241382 0.689655 -1.08578e-5 -0.7241383 0.689655 6.8233e-6 -0.7241373 0.6896559 -1.33974e-5 -0.724137 0.6896562 1.00541e-5 -0.724137 0.6896563 6.48364e-7 -0.7241371 0.6896561 -8.44494e-6 -0.7241372 0.689656 2.15838e-6 -0.7241365 0.6896567 7.54884e-7 -0.724139 0.6896541 1.92016e-6 -0.7241389 0.6896543 3.04771e-6 -0.7241379 0.6896553 -5.64226e-7 -0.7241383 0.6896548 2.80105e-6 -0.724137 0.6896562 2.01936e-6 -0.7241395 0.6896536 -2.10792e-6 -0.7241369 0.6896563 1.00561e-6 -0.7241384 0.6896547 -5.14905e-7 -0.7241369 0.6896563 4.35477e-7 -0.7241386 0.6896545 -2.41355e-6 -0.7241363 0.6896569 0 -0.724137 0.6896562 -6.22254e-7 -0.7241393 0.6896538 -2.24989e-6 -0.7241385 0.6896547 0 -0.7241401 0.6896529 0 -0.7241389 0.6896542 2.22937e-6 -0.7241387 0.6896544 0 -0.7241373 0.6896559 7.44002e-7 -0.7241386 0.6896545 7.02592e-7 -0.7241392 0.689654 -7.83074e-7 -0.7241372 0.689656 -6.92348e-6 -0.7241369 0.6896563 7.93854e-6 -0.724138 0.6896552 -1.23205e-5 -0.724137 0.6896562 6.12912e-6 -0.7241394 0.6896537 -1.2479e-5 -0.7241387 0.6896544 -4.18369e-7 -0.7241384 0.6896548 1.34582e-5 -0.724138 0.6896551 -5.10793e-6 -0.7241373 0.6896559 1.58741e-5 -0.7241383 0.6896548 -1.24606e-5 -0.7241389 0.6896543 1.61881e-6 -0.7241383 0.6896549 -5.25599e-6 -0.7241383 0.6896548 -2.14871e-6 -0.7241368 0.6896564 5.26095e-6 -0.7241374 0.6896557 8.29046e-7 -0.7241379 0.6896553 -1.19198e-6 -0.724138 0.6896552 9.71919e-7 -0.7241395 0.6896536 3.39895e-6 -0.724139 0.6896541 0.6932821 -0.6070901 0.388332 0.6890709 -0.6205757 0.3742554 0.6529961 -0.698365 0.2930572 0.6364622 -0.7237976 0.2665202 0.5871945 -0.7831879 0.2044982 0.5521781 -0.8162191 0.1699583 0.4998513 -0.8566232 0.1278496 0.4399583 -0.8935628 0.08934354 0.3915539 -0.9179356 0.06387406 0.3174024 -0.947727 0.03270173 0.2701228 -0.9626743 0.01708382 0.1832109 -0.9830648 -0.004172444 0.1385189 -0.9902908 -0.0116927 0.04094809 -0.9989486 -0.02061587 0.001874089 -0.999769 -0.02141195 -0.1045568 -0.9943965 -0.01560801 -0.1380393 -0.9903613 -0.01139348 -0.2495177 -0.9683045 0.01128751 -0.2741154 -0.9615235 0.01825642 -0.377497 -0.9242761 0.0566551 -0.3935971 -0.9170418 0.06415253 -0.4877524 -0.8648727 0.1187133 -0.4969715 -0.8586866 0.1252064 -0.5804858 -0.7899155 0.1976611 -0.5843357 -0.7860313 0.2017592 -0.652765 -0.698305 0.2937142 -0.6757013 -0.6543709 0.3394504 -0.6935733 -0.6055843 0.3901586 -0.6935043 -0.6058927 0.3898024 0.6931713 -0.6074615 0.3879486 0.6528095 -0.6986801 0.2927219 0.5869328 -0.7834765 0.2041431 0.4994926 -0.8568703 0.1275948 0.3911666 -0.9181146 0.06367379 0.2697917 -0.9627691 0.01697319 0.1382212 -0.9903318 -0.01174217 0.001661479 -0.9997695 -0.02140992 -0.1381375 -0.9903478 -0.0113765 -0.2740775 -0.9615348 0.0182318 -0.3934458 -0.9171102 0.06410443 -0.4967919 -0.8588061 0.1250992 -0.5841292 -0.7862432 0.201531 -0.6526066 -0.6985699 0.2934364 -0.1952878 0.6831656 0.7036672 -0.2132884 0.7460234 0.6308385 -0.3827965 0.6435648 0.6627904 -0.4298678 0.6894581 0.5829762 -0.5553832 0.5793483 0.596578 -0.631201 0.5922718 0.500799 -0.7067317 0.4929355 0.5074889 -0.7985121 0.4596686 0.3886945 -0.8311805 0.387427 0.3987976 -0.9178003 0.3031852 0.2563623 -0.9236738 0.2670453 0.2747975 -0.9806659 0.1363915 0.1403281 -0.9836891 0.1373565 0.1161419 -0.9999998 4.82173e-4 4.97364e-4 -0.9994895 -0.02438384 -0.02064949 -0.9808372 -0.1358492 -0.1396549 -0.9690459 -0.1885201 -0.1594066 -0.9238646 -0.2669027 -0.2742943 -0.9160317 -0.3062767 -0.2589994 -0.8357626 -0.4192971 -0.3545292 -0.8357461 -0.4525365 -0.3110292 -0.7297611 -0.5634493 -0.3872642 -0.7297678 -0.5995453 -0.3286101 -0.6020333 -0.7001951 -0.3837745 -0.6020019 -0.7354341 -0.3110153 -0.4583581 -0.8185791 -0.3461737 -0.6019695 -0.7632494 -0.2346981 -0.4583238 -0.849534 -0.2612112 -0.6020076 -0.7829352 -0.1568424 -0.4582804 -0.8714957 -0.1745688 -0.6020022 -0.7897668 -0.1177365 -0.4582797 -0.8790931 -0.1310536 -0.4582895 -0.8845254 -0.08709657 -0.3055328 -0.941774 -0.140398 -0.3055319 -0.9476054 -0.09324455 -0.1507244 -0.97777 -0.1457671 -0.150725 -0.9838256 -0.09679579 -0.1507249 -0.9859034 -0.07263988 -0.1507301 -0.9873923 -0.04834246 -0.3055121 -0.9496144 -0.06996417 -0.3056051 -0.9510192 -0.04656171 -0.4583443 -0.8863723 -0.06530392 -0.4583438 -0.8877117 -0.04346227 -0.6020929 -0.7962681 -0.05866461 -0.6020537 -0.7975004 -0.0390464 -0.7296728 -0.681948 -0.05024582 -0.7300073 -0.682621 -0.03343856 -0.8356259 -0.5478146 -0.04035609 -0.8356256 -0.5486416 -0.02687549 -0.9159945 -0.4001066 -0.02947825 -0.9159548 -0.4008013 -0.01962435 -0.9690491 -0.2462007 -0.01813971 -0.9690455 -0.2465863 -0.01207882 -0.9994782 -0.03221666 -0.002373456 -0.9994941 -0.03177034 -0.001554846 -0.9836973 0.1793463 0.01321369 -0.9836887 0.179664 0.008801102 -0.9178 0.3959698 0.02917379 -0.9178003 0.3965672 0.01942616 -0.7984157 0.6004792 0.04424166 -0.7984764 0.6013051 0.0294553 -0.6313146 0.7734297 0.05699396 -0.631316 0.7745971 0.03794413 -0.429823 0.9004727 0.066343 -0.42996 0.9017678 0.04415071 -0.2133209 0.9743413 0.0717864 -0.2132695 0.9758241 0.04778587 -0.1819543 0.9833071 2.81776e-5 -0.2132841 0.9766991 0.02385056 -0.3681007 0.929786 3.2279e-5 -0.4298735 0.9026196 0.02206319 -0.547212 0.8369942 1.75662e-5 -0.6312044 0.775385 0.0189566 -0.7071121 0.7071015 7.21768e-5 -0.7985004 0.6018147 0.01470583 -0.8369914 0.547216 7.84895e-5 -0.9178071 0.3969091 0.009666085 -0.9297757 0.3681267 8.55329e-5 -0.9836916 0.1798098 0.004387199 -0.9832975 0.1820062 1.55224e-5 -0.2133088 0.8051468 0.5533879 -0.2133392 0.8567305 0.4695734 -0.2133413 0.8998211 0.3805359 -0.2133446 0.9336999 0.2875564 -0.2133206 0.9578953 0.1921746 -0.2132985 0.9663081 0.1440568 -0.4298685 0.8852542 0.1775901 -0.4299116 0.8930021 0.1331288 -0.6312044 0.7604734 0.1525169 -0.6308442 0.7674234 0.1144421 -0.7984985 0.5902428 0.1183787 -0.7984926 0.5954247 0.08876484 -0.9177958 0.3893011 0.07807374 -0.9177917 0.3927226 0.05854642 -0.9836927 0.1763492 0.03535079 -0.9836893 0.17791 0.02652239 -0.9994877 -0.03138405 -0.006287574 -0.9994869 -0.03168427 -0.004723429 -0.9690504 -0.2420501 -0.04850989 -0.9690495 -0.2441688 -0.0363996 -0.9160001 -0.393357 -0.0788303 -0.9159638 -0.3968761 -0.05915844 -0.83573 -0.5384296 -0.1079307 -0.8357521 -0.5431054 -0.08096349 -0.729757 -0.6703796 -0.1343357 -0.7296862 -0.676308 -0.1008253 -0.2133291 0.9722671 0.0958507 -0.42987 0.8985363 0.08856886 -0.6312029 0.7718776 0.07607775 -0.7985019 0.5990912 0.05902969 -0.9178025 0.3951247 0.03892594 -0.983691 0.1790003 0.01763236 -0.999486 -0.03191363 -0.003044962 -0.9690461 -0.2456915 -0.0241934 -0.9159987 -0.3992491 -0.03932803 -0.9994882 -0.03198266 -7.50161e-4 -0.9690542 -0.2467749 -0.006018757 -0.9159745 -0.401118 -0.009761273 -0.8356979 -0.5490258 -0.01340317 -0.7297888 -0.6834696 -0.01666355 -0.6020117 -0.7982503 -0.01945173 -0.4583007 -0.8885338 -0.02163875 -0.3055599 -0.9518908 -0.02317309 -0.150757 -0.9882764 -0.02412772 -0.1507311 -0.9693276 -0.1941244 -0.3055338 -0.9336416 -0.1869829 -0.1508335 -0.9449184 -0.2904797 -0.3055997 -0.910118 -0.279811 -0.1507601 -0.910495 -0.385059 -0.305588 -0.8769681 -0.3708678 -0.1507205 -0.8669024 -0.4751458 -0.3055831 -0.8349725 -0.4576461 -0.3055372 -0.7847056 -0.5393367 -0.4583067 -0.7324697 -0.5034313 -0.4583066 -0.6786865 -0.5738813 -0.6020267 -0.6097212 -0.5155618 -0.555634 -0.5800313 -0.5956799 -0.7073864 -0.493052 -0.5064624 -0.1507471 -0.8146927 -0.5599564 -0.3056107 -0.7270618 -0.6148035 -0.3826292 -0.6445857 -0.6618944 -0.1507618 -0.7548625 -0.6383209 -0.1952705 -0.6843003 -0.7025686 -0.729757 -0.5220828 -0.4414571 -0.8316417 -0.3873151 -0.3979435 -0.4298899 0.744082 0.5114065 -0.4299007 0.7917515 0.4339529 -0.4298913 0.8315761 0.3516741 -0.6311466 0.6392405 0.4393469 -0.6312146 0.6801446 0.3727888 -0.6311735 0.7143858 0.3021143 -0.4300858 0.8627958 0.2657245 -0.798481 0.4961342 0.3409971 -0.7984983 0.5279024 0.2893437 -0.7984945 0.5544593 0.2344815 -0.6311776 0.7412994 0.2282325 -0.9177875 0.3272337 0.2249097 -0.9177979 0.348179 0.1908366 -0.9177941 0.3656995 0.1546547 -0.7984994 0.5753526 0.1771108 -0.9836876 0.1482467 0.1018909 -0.9836918 0.1577249 0.0864486 -0.9836897 0.1656683 0.07006162 -0.9177976 0.3794813 0.1167976 -0.9994885 -0.02635574 -0.01811486 -0.9994878 -0.02806472 -0.01538246 -0.9994885 -0.0294575 -0.01245743 -0.9836915 0.171908 0.05290263 -0.9690554 -0.2034273 -0.1398175 -0.9690494 -0.2164826 -0.1186534 -0.9690505 -0.2273668 -0.09615349 -0.9690594 -0.2359165 -0.0725767 -0.9994892 -0.03054028 -0.009417831 -0.9160072 -0.3306046 -0.2272261 -0.9159941 -0.351812 -0.1928291 -0.9160188 -0.3694563 -0.156242 -0.6020308 -0.6580357 -0.4522699 -0.8357796 -0.4814874 -0.2638985 -0.7297741 -0.6296948 -0.2662976 -0.7297745 -0.6534821 -0.200973 -0.458267 -0.7794173 -0.4272002 -0.8357341 -0.5057669 -0.213889 -0.9160549 -0.3833238 -0.1179254 -0.8357838 -0.5247938 -0.1614218 -0.8357264 -0.5465044 -0.05379945 -0.7297562 -0.6804172 -0.06699478 -0.6019909 -0.7946631 -0.07821506 0.9878437 0.1554507 0 0.9833045 0.1819683 -2.00345e-6 0.949068 0.3150714 0 0.9297766 0.3681244 -2.15305e-5 0.8815389 0.4721115 0 0.8370119 0.5471848 4.24597e-5 0.7852586 0.619168 0 0.7071022 0.7071114 -1.11808e-4 0.6641409 0.7476074 0 0.5472171 0.8369907 -9.71043e-6 0.5226089 0.8525726 0 0.3681375 0.9297714 -1.62161e-5 0.3681066 0.9297837 1.41692e-7 0.2085453 0.9780127 0 0 1 0 -0.208545 0.9780128 2.29333e-7 -0.4205561 0.9072666 -1.91398e-7 -0.6188333 0.7855224 0 -0.7854619 0.6189101 0 -0.9072666 0.4205562 0 -0.9780154 0.2085328 3.09141e-7 -0.9832992 0.1819967 -4.44372e-6 0.1819946 0.9832996 -4.06176e-6 0 1 0 -0.1819946 0.9832996 -4.14313e-6 -0.3681182 0.9297791 -1.262e-5 -0.5471936 0.8370061 2.66228e-5 -0.7071068 0.7071068 -2.73692e-7 -0.8369901 0.5472182 -1.36074e-5 -0.9297791 0.3681181 -1.25797e-5 0.9959656 0.08973741 4.5645e-5 0.9878413 0.1554663 5.54533e-6 0.9833027 0.1819775 -7.31158e-6 0.9614031 0.2751441 -1.14359e-5 0.9490617 0.3150907 0 0.9297835 0.3681072 -9.27295e-6 0.881427 0.4723203 0 0.8882952 0.459273 -8.43528e-6 0.8369948 0.5472109 -9.39053e-6 0.785572 0.6187704 0 0.776354 0.6302971 2.37836e-7 0.70713 0.7070837 -2.63338e-5 0.6640508 0.7476876 0 0.6302776 0.7763699 -1.90756e-5 0.5225575 0.852604 0 0.5472016 0.8370008 5.49084e-6 0.4592758 0.8882938 -3.39339e-5 0.3682473 0.9297279 0 0.3681132 0.929781 0 0.2751609 0.9613983 -2.33715e-6 0.2085556 0.9780106 5.77653e-7 0.1819629 0.9833055 -1.72488e-5 0.1032587 0.9946546 0 0.0898512 0.9959552 7.78755e-5 0 1 1.45746e-7 0 1 0 -0.08985126 0.9959552 7.77391e-5 -0.1032587 0.9946546 0 -0.1819629 0.9833054 -1.73601e-5 -0.2086466 0.9779911 0 -0.2751564 0.9613996 -3.29141e-5 -0.3151467 0.949043 0 -0.3680973 0.9297873 2.19375e-5 -0.4206281 0.9072332 0 -0.4592963 0.8882831 9.31346e-6 -0.5226961 0.8525192 0 -0.5472141 0.8369927 1.27265e-5 -0.6188196 0.7855333 0 -0.6303291 0.7763282 3.00835e-5 -0.7071069 0.7071068 0 -0.7071067 0.7071069 0 -0.776328 0.6303291 2.9963e-5 -0.7855333 0.6188195 0 -0.8369927 0.5472142 1.29221e-5 -0.852519 0.5226962 0 -0.8882831 0.4592965 9.26131e-6 -0.9072331 0.4206283 0 -0.9297872 0.3680975 2.14551e-5 -0.9490739 0.3150539 0 -0.9613987 0.2751592 1.55042e-5 -0.9779912 0.2086465 0 -0.9833055 0.1819627 -1.73817e-5 -0.9946887 0.10293 1.15138e-5 -0.9959573 0.08982849 -1.20725e-5 -0.9959549 0.08985447 -1.12747e-4 0.9959556 0.0898478 9.63919e-6 0.9833028 0.1819775 7.51321e-6 0.9614031 0.275144 1.13547e-5 0.9297981 0.36807 -1.86758e-5 0.8882952 0.4592729 8.35588e-6 0.8369948 0.5472109 9.44093e-6 0.776354 0.6302972 -2.72121e-7 0.70713 0.7070837 2.60922e-5 0.6302776 0.7763699 1.91636e-5 0.5472017 0.8370008 -5.48502e-6 0.4592758 0.8882938 3.40012e-5 0.3681132 0.929781 0 0.275161 0.9613983 2.20758e-6 0.1819629 0.9833054 1.71375e-5 0.08985126 0.9959552 -7.7941e-5 0 1 0 -0.0898512 0.9959552 -7.79765e-5 -0.1819629 0.9833055 1.71375e-5 -0.2751564 0.9613996 3.29528e-5 -0.3680975 0.9297872 -2.19885e-5 -0.4592965 0.8882831 -9.27271e-6 -0.547214 0.8369928 -1.26022e-5 -0.6303291 0.7763282 -3.00305e-5 -0.776328 0.6303291 -2.99811e-5 -0.8369927 0.5472141 -1.29205e-5 -0.8882831 0.4592964 -9.2166e-6 -0.9297872 0.3680973 -2.14914e-5 -0.9613987 0.2751592 -1.55275e-5 -0.9833055 0.1819629 1.73787e-5 0 0 1 0 0 1 0 0 1 0 0 1 0 0 1 0 0 1 0 0 1 0 0 1 -1.39116e-7 0 1 -1.33533e-7 0 1 7.62009e-7 0 1 7.40918e-7 0 1 0 0 1 -2.69866e-7 0 1 -2.73605e-7 0 1 0 0 1 0 0 1 0 0 1 0 0 1 0 0 1 0 0 1 0 0 1 2.16749e-7 0 1 0 0 1 0 0 1 0 0 1 0 0 1 0 0 1 -3.7706e-7 0 1 0 0 1 -9.31218e-7 0 1 2.73605e-7 0 1 2.58734e-7 0 1 -4.78229e-7 0 1 0 0 1 -1.99004e-7 0 1 0 0 -1</float_array>
          <technique_common>
            <accessor source="#Body1-mesh-normals-array" count="1082" stride="3">
              <param name="X" type="float"/>
              <param name="Y" type="float"/>
              <param name="Z" type="float"/>
            </accessor>
          </technique_common>
        </source>
        <source id="Body1-mesh-map-0">
          <float_array id="Body1-mesh-map-0-array" count="10548">0 0 -2 0 0 -0.397755 0 -0.397755 -2 0 -1 -0.4545771 0 -0.397755 -1 -0.4545771 0 -0.7955099 0 -0.7955099 -1 -0.4545771 -1 -0.9091542 0 -0.7955099 -1 -0.9091542 0 -1.193265 0 -1.193265 -1 -0.9091542 -1 -1.363731 0 -1.193265 -1 -1.363731 0 -1.59102 0 -1.59102 -1 -1.363731 -1 -1.818308 0 -1.59102 -1 -1.818308 0 -1.988775 0 -1.988775 -1 -1.818308 -1 -2.272886 0 -1.988775 -1 -2.272886 0 -2.38653 0 -2.38653 -1 -2.272886 -1 -2.727463 0 -2.38653 -1 -2.727463 0 -2.784285 0 -2.784285 -1 -2.727463 -1 -3.18204 0 -2.784285 -1 -3.18204 0 -3.18204 0 -3.18204 -1 -3.18204 0 -3.579795 0 -3.579795 -1 -3.18204 -1 -3.636617 0 -3.579795 -1 -3.636617 0 -3.97755 0 -3.97755 -1 -3.636617 -1 -4.091194 0 -3.97755 -1 -4.091194 0 -4.375305 0 -4.375305 -1 -4.091194 -1 -4.545771 0 -4.375305 -1 -4.545771 0 -4.77306 0 -4.77306 -1 -4.545771 -1 -5.000348 0 -4.77306 -1 -5.000348 0 -5.170814 0 -5.170814 -1 -5.000348 -1 -5.454926 0 -5.170814 -1 -5.454926 0 -5.56857 0 -5.56857 -1 -5.454926 -1 -5.909502 0 -5.56857 -1 -5.909502 0 -5.966325 0 -5.966325 -1 -5.909502 -1 -6.364079 0 -5.966325 -1 -6.364079 0 -6.364079 0 -6.364079 -1 -6.364079 0 -6.761835 0 -6.761835 -1 -6.364079 -1 -6.818657 0 -6.761835 -1 -6.818657 0 -7.15959 0 -7.15959 -1 -6.818657 -1 -7.273234 0 -7.15959 -1 -7.273234 0 -7.557344 0 -7.557344 -1 -7.273234 -1 -7.9551 0 -7.557344 -1 -7.9551 0 -7.9551 0 -7.9551 -1 -7.9551 0 -8.352855 0 -8.352855 -1 -7.9551 -1 -8.636966 0 -8.352855 -1 -8.636966 0 -8.75061 0 -8.75061 -1 -8.636966 0 -9.148365 0 -9.148365 -1 -8.636966 -1 -9.318832 0 -9.148365 -1 -9.318832 0 -9.54612 0 -9.54612 -1 -9.318832 -1 -10.0007 0 -9.54612 -1 -10.0007 0 -9.943875 0 -9.943875 -1 -10.0007 0 -10.34163 0 -10.34163 -1 -10.0007 -1 -10.68256 0 -10.34163 -1 -10.68256 0 -10.73938 0 -10.73938 -1 -10.68256 0 -11.13714 0 -11.13714 -1 -10.68256 -1 -11.36443 0 -11.13714 -1 -11.36443 0 -11.53489 0 -11.53489 -1 -11.36443 -1 -12.04629 0 -11.53489 -1 -12.04629 0 -11.93265 0 -11.93265 -1 -12.04629 0 -12.3304 0 -12.3304 -1 -12.04629 0 -12.72816 0 -12.72816 -1 -12.04629 -2 -12.3304 0 -12.72816 -2 -12.3304 -2 -12.72816 -2 0 -2 -0.397755 -1 -0.4545771 -1 -0.4545771 -2 -0.397755 -2 -0.7955099 -1 -0.4545771 -2 -0.7955099 -1 -0.9091542 -1 -0.9091542 -2 -0.7955099 -2 -1.193265 -1 -0.9091542 -2 -1.193265 -1 -1.363731 -1 -1.363731 -2 -1.193265 -2 -1.59102 -1 -1.363731 -2 -1.59102 -1 -1.818308 -1 -1.818308 -2 -1.59102 -2 -1.988775 -1 -1.818308 -2 -1.988775 -1 -2.272886 -1 -2.272886 -2 -1.988775 -2 -2.38653 -1 -2.272886 -2 -2.38653 -1 -2.727463 -1 -2.727463 -2 -2.38653 -2 -2.784285 -1 -2.727463 -2 -2.784285 -1 -3.18204 -1 -3.18204 -2 -2.784285 -2 -3.18204 -1 -3.18204 -2 -3.18204 -2 -3.579795 -1 -3.18204 -2 -3.579795 -1 -3.636617 -1 -3.636617 -2 -3.579795 -2 -3.97755 -1 -3.636617 -2 -3.97755 -1 -4.091194 -1 -4.091194 -2 -3.97755 -2 -4.375305 -1 -4.091194 -2 -4.375305 -1 -4.545771 -1 -4.545771 -2 -4.375305 -2 -4.77306 -1 -4.545771 -2 -4.77306 -1 -5.000348 -1 -5.000348 -2 -4.77306 -2 -5.170814 -1 -5.000348 -2 -5.170814 -1 -5.454926 -1 -5.454926 -2 -5.170814 -2 -5.56857 -1 -5.454926 -2 -5.56857 -1 -5.909502 -1 -5.909502 -2 -5.56857 -2 -5.966325 -1 -5.909502 -2 -5.966325 -1 -6.364079 -1 -6.364079 -2 -5.966325 -2 -6.364079 -1 -6.364079 -2 -6.364079 -2 -6.761835 -1 -6.364079 -2 -6.761835 -1 -6.818657 -1 -6.818657 -2 -6.761835 -2 -7.15959 -1 -6.818657 -2 -7.15959 -1 -7.273234 -1 -7.273234 -2 -7.15959 -2 -7.557344 -1 -7.273234 -2 -7.557344 -1 -7.9551 -1 -7.9551 -2 -7.557344 -2 -7.9551 -1 -7.9551 -2 -7.9551 -2 -8.352855 -1 -7.9551 -2 -8.352855 -1 -8.636966 -1 -8.636966 -2 -8.352855 -2 -8.75061 -1 -8.636966 -2 -8.75061 -2 -9.148365 -1 -8.636966 -2 -9.148365 -1 -9.318832 -1 -9.318832 -2 -9.148365 -2 -9.54612 -1 -9.318832 -2 -9.54612 -1 -10.0007 -1 -10.0007 -2 -9.54612 -2 -9.943875 -1 -10.0007 -2 -9.943875 -2 -10.34163 -1 -10.0007 -2 -10.34163 -1 -10.68256 -1 -10.68256 -2 -10.34163 -2 -10.73938 -1 -10.68256 -2 -10.73938 -2 -11.13714 -1 -10.68256 -2 -11.13714 -1 -11.36443 -1 -11.36443 -2 -11.13714 -2 -11.53489 -1 -11.36443 -2 -11.53489 -1 -12.04629 -1 -12.04629 -2 -11.53489 -2 -11.93265 -1 -12.04629 -2 -11.93265 -2 -12.3304 0 0 -5 0 0 -0.1325849 0 -0.1325849 -5 0 -2.5 -0.1515257 0 -0.1325849 -2.5 -0.1515257 0 -0.26517 0 -0.26517 -2.5 -0.1515257 -2.5 -0.3030514 0 -0.26517 -2.5 -0.3030514 0 -0.397755 0 -0.397755 -2.5 -0.3030514 -2.5 -0.4545771 0 -0.397755 -2.5 -0.4545771 0 -0.53034 0 -0.53034 -2.5 -0.4545771 -2.5 -0.6061028 0 -0.53034 -2.5 -0.6061028 0 -0.662925 0 -0.662925 -2.5 -0.6061028 -2.5 -0.7576286 0 -0.662925 -2.5 -0.7576286 0 -0.7955099 0 -0.7955099 -2.5 -0.7576286 -2.5 -0.9091542 0 -0.7955099 -2.5 -0.9091542 0 -0.928095 0 -0.928095 -2.5 -0.9091542 -2.5 -1.06068 0 -0.928095 -2.5 -1.06068 0 -1.06068 0 -1.06068 -2.5 -1.06068 0 -1.193265 0 -1.193265 -2.5 -1.06068 -2.5 -1.212206 0 -1.193265 -2.5 -1.212206 0 -1.32585 0 -1.32585 -2.5 -1.212206 -2.5 -1.32585 0 -1.32585 -2.5 -1.32585 -2.5 -1.439494 -2.5 -1.439494 -2.5 -1.32585 -5 -1.32585 -2.5 -1.439494 -5 -1.32585 -5 -1.458435 -5 0 -5 -0.1325849 -2.5 -0.1515257 -2.5 -0.1515257 -5 -0.1325849 -5 -0.26517 -2.5 -0.1515257 -5 -0.26517 -2.5 -0.3030514 -2.5 -0.3030514 -5 -0.26517 -5 -0.397755 -2.5 -0.3030514 -5 -0.397755 -2.5 -0.4545771 -2.5 -0.4545771 -5 -0.397755 -5 -0.53034 -2.5 -0.4545771 -5 -0.53034 -2.5 -0.6061028 -2.5 -0.6061028 -5 -0.53034 -5 -0.662925 -2.5 -0.6061028 -5 -0.662925 -2.5 -0.7576286 -2.5 -0.7576286 -5 -0.662925 -5 -0.7955099 -2.5 -0.7576286 -5 -0.7955099 -2.5 -0.9091542 -2.5 -0.9091542 -5 -0.7955099 -5 -0.928095 -2.5 -0.9091542 -5 -0.928095 -2.5 -1.06068 -2.5 -1.06068 -5 -0.928095 -5 -1.06068 -2.5 -1.06068 -5 -1.06068 -5 -1.193265 -2.5 -1.06068 -5 -1.193265 -2.5 -1.212206 -2.5 -1.212206 -5 -1.193265 -5 -1.32585 -2.5 -1.212206 -5 -1.32585 -2.5 -1.32585 -2.5 -1.439494 -5 -1.458435 -2.5 -1.553138 -2.5 -1.553138 -5 -1.458435 -5 -1.59102 -2.5 -1.553138 -5 -1.59102 -2.5 -1.666783 -2.5 -1.666783 -5 -1.59102 -5 -1.723605 -2.5 -1.666783 -5 -1.723605 -2.5 -1.780427 -2.5 -1.780427 -5 -1.723605 -5 -1.85619 -2.5 -1.780427 -5 -1.85619 -2.5 -1.894071 -2.5 -1.894071 -5 -1.85619 -5 -1.988775 -2.5 -1.894071 -5 -1.988775 -2.5 -2.007716 -2.5 -2.007716 -5 -1.988775 -5 -2.12136 -2.5 -2.007716 -5 -2.12136 0 -2.12136 0 -2.12136 0 -1.988775 -2.5 -2.007716 -2.5 -2.007716 0 -1.988775 -2.5 -1.894071 0 -1.988775 0 -1.85619 -2.5 -1.894071 -2.5 -1.894071 0 -1.85619 -2.5 -1.780427 0 -1.85619 0 -1.723605 -2.5 -1.780427 -2.5 -1.780427 0 -1.723605 -2.5 -1.666783 0 -1.723605 0 -1.59102 -2.5 -1.666783 -2.5 -1.666783 0 -1.59102 -2.5 -1.553138 0 -1.59102 0 -1.458435 -2.5 -1.553138 -2.5 -1.553138 0 -1.458435 -2.5 -1.439494 0 -1.458435 0 -1.32585 -2.5 -1.439494 0 16.37021 -0.1102378 15.88021 0 15.39021 0 15.39021 -0.1102378 15.88021 -0.1102378 15.63521 0 15.39021 -0.1102378 15.63521 -0.1325849 15.39021 -0.1325849 15.39021 -0.1102378 15.63521 -0.2204756 15.63521 -0.1325849 15.39021 -0.2204756 15.63521 -0.26517 15.39021 -0.26517 15.39021 -0.2204756 15.63521 -0.3307135 15.63521 -0.26517 15.39021 -0.3307135 15.63521 -0.397755 15.39021 -0.397755 15.39021 -0.3307135 15.63521 -0.4409513 15.63521 -0.397755 15.39021 -0.4409513 15.63521 -0.53034 15.39021 -0.53034 15.39021 -0.4409513 15.63521 -0.5511891 15.63521 -0.53034 15.39021 -0.5511891 15.63521 -0.662925 15.39021 -0.662925 15.39021 -0.5511891 15.63521 -0.661427 15.63521 -0.662925 15.39021 -0.661427 15.63521 -0.7716648 15.63521 -0.7716648 15.63521 -0.661427 15.63521 -0.7716648 15.88021 -0.7716648 15.63521 -0.7716648 15.88021 -0.8819026 15.88021 -0.8819026 15.88021 -0.7716648 15.88021 -0.8819026 16.12521 -0.8819026 15.88021 -0.8819026 16.12521 -1.036835 16.12521 -1.036835 16.12521 -0.8819026 16.12521 -1.036835 16.36928 -1.036835 16.12521 -1.036835 16.36928 -1.191767 16.36915 -1.191767 16.36915 -1.036835 16.36928 -1.191767 16.86021 -1.191767 16.36915 -1.191767 16.86021 -1.346699 16.86021 -1.346699 16.86021 -1.191767 16.86021 -1.346699 17.34778 -1.346699 16.86021 -1.346699 17.34778 -1.501631 17.3475 -1.501631 17.3475 -1.346699 17.34778 -1.501631 18.3261 -1.501631 17.3475 -1.501631 18.3261 -1.656563 18.32567 -1.656563 18.32567 -1.501631 18.3261 -1.656563 19.3102 -1.656563 18.32567 -1.656563 19.3102 -1.811496 19.3102 -1.811496 19.3102 -1.656563 19.3102 -1.811496 20.29019 -1.811496 19.3102 -1.811496 20.29019 -1.966428 20.29019 -1.966428 20.29019 -1.811496 20.29019 -1.966428 21.27019 -1.966428 20.29019 -1.966428 21.27019 -2.12136 21.25824 -2.12136 21.25824 -1.966428 21.27019 -2.12136 22.23611 -2.12136 22.23611 -1.966428 21.27019 -1.966428 22.25018 -2.12136 22.23611 -1.966428 22.25018 -2.12136 23.21393 -2.12136 23.21393 -1.966428 22.25018 -1.979079 23.21426 -1.979079 23.21426 -1.966428 22.25018 -1.811496 22.25018 -1.979079 23.21426 -1.811496 22.25018 -1.845257 23.2148 -1.845257 23.2148 -1.811496 22.25018 -1.656563 22.25018 -1.845257 23.2148 -1.656563 22.25018 -1.716769 23.21565 -1.716769 23.21565 -1.656563 22.25018 -1.501631 22.25018 -1.716769 23.21565 -1.501631 22.25018 -1.590731 23.21679 -1.590731 23.21679 -1.501631 22.25018 -1.464509 23.21814 -1.464509 23.21814 -1.501631 22.25018 -1.346699 22.25018 -1.464509 23.21814 -1.346699 22.25018 -1.33585 23.21964 -1.33585 23.21964 -1.346699 22.25018 -1.191767 22.25018 -1.33585 23.21964 -1.191767 22.25018 -1.202114 23.22123 -1.202114 23.22123 -1.191767 22.25018 -1.060163 23.22269 -1.060163 23.22269 -1.191767 22.25018 -1.036835 22.25018 -1.060163 23.22269 -1.036835 22.25018 -0.9179671 23.22424 -0.9179671 23.22424 -1.036835 22.25018 -0.8819026 22.25018 -0.9179671 23.22424 -0.8819026 22.25018 -0.7841411 23.2257 -0.7841411 23.2257 -0.8819026 22.25018 -0.7716648 22.25018 -0.7841411 23.2257 -0.7716648 22.25018 -0.661427 22.25018 -0.661427 22.25018 -0.7716648 22.25018 -0.661427 21.27019 -0.661427 22.25018 -0.661427 21.27019 -0.5511891 21.27019 -0.5511891 21.27019 -0.661427 21.27019 -0.5511891 20.29019 -0.5511891 21.27019 -0.5511891 20.29019 -0.4409513 20.29019 -0.4409513 20.29019 -0.5511891 20.29019 -0.4409513 19.3102 -0.4409513 20.29019 -0.4409513 19.3102 -0.3307135 19.3102 -0.3307135 19.3102 -0.4409513 19.3102 -0.3307135 18.3293 -0.3307135 19.3102 -0.3307135 18.3293 -0.2204756 18.3296 -0.2204756 18.3296 -0.3307135 18.3293 -0.2204756 17.34981 -0.2204756 18.3296 -0.2204756 17.34981 -0.1102378 17.35 -0.1102378 17.35 -0.2204756 17.34981 -0.1102378 16.86021 -0.1102378 17.35 -0.1102378 16.86021 0 17.3502 0 17.3502 -0.1102378 16.86021 0 16.37021 0 16.37021 -0.1102378 16.86021 -0.1102378 16.37011 0 16.37021 -0.1102378 16.37011 -0.1102378 16.12521 -0.1102378 16.12521 -0.1102378 16.37011 -0.2204756 16.37001 -0.1102378 16.12521 -0.2204756 16.37001 -0.2204756 16.12521 -0.2204756 16.12521 -0.2204756 16.37001 -0.3307135 16.36991 -0.2204756 16.12521 -0.3307135 16.36991 -0.3307135 16.12521 -0.3307135 16.12521 -0.3307135 16.36991 -0.4409513 16.36981 -0.3307135 16.12521 -0.4409513 16.36981 -0.4409513 16.12521 -0.4409513 16.12521 -0.4409513 16.36981 -0.5511891 16.36972 -0.4409513 16.12521 -0.5511891 16.36972 -0.5511891 16.12521 -0.5511891 16.12521 -0.5511891 16.36972 -0.661427 16.36962 -0.5511891 16.12521 -0.661427 16.36962 -0.661427 16.12521 -0.661427 16.12521 -0.661427 16.36962 -0.7716648 16.36952 -0.661427 16.12521 -0.7716648 16.36952 -0.7716648 16.12521 -0.7716648 16.12521 -0.7716648 16.36952 -0.8819026 16.36942 -0.7716648 16.12521 -0.8819026 16.36942 -0.8819026 16.12521 -0.8819026 16.12521 -0.8819026 16.36942 -1.036835 16.36928 -0.1102378 17.35 0 17.3502 -0.1102378 18.3299 -0.1102378 18.3299 0 17.3502 0 18.3302 -0.1102378 18.3299 0 18.3302 -0.1102378 19.3102 -0.1102378 19.3102 0 18.3302 0 19.3102 -0.1102378 19.3102 0 19.3102 -0.1102378 20.29019 -0.1102378 20.29019 0 19.3102 0 20.29019 -0.1102378 20.29019 0 20.29019 -0.1102378 21.27019 -0.1102378 21.27019 0 20.29019 0 21.27019 -0.1102378 21.27019 0 21.27019 -0.1102378 22.25018 -0.1102378 22.25018 0 21.27019 0 22.25018 -0.1102378 22.25018 0 22.25018 0 23.23018 0 23.23018 -0.1418833 23.23005 -0.1102378 22.25018 -0.1102378 22.25018 -0.1418833 23.23005 -0.2204756 22.25018 -0.1102378 22.25018 -0.2204756 22.25018 -0.1102378 21.27019 -0.1102378 21.27019 -0.2204756 22.25018 -0.2204756 21.27019 -0.1102378 21.27019 -0.2204756 21.27019 -0.1102378 20.29019 -0.1102378 20.29019 -0.2204756 21.27019 -0.2204756 20.29019 -0.1102378 20.29019 -0.2204756 20.29019 -0.1102378 19.3102 -0.1102378 19.3102 -0.2204756 20.29019 -0.2204756 19.3102 -0.1102378 19.3102 -0.2204756 19.3102 -0.1102378 18.3299 -0.1102378 18.3299 -0.2204756 19.3102 -0.2204756 18.3296 -0.1102378 18.3299 -0.2204756 18.3296 -0.1102378 17.35 -0.1418833 23.23005 -0.2752746 23.22965 -0.2204756 22.25018 -0.2204756 22.25018 -0.2752746 23.22965 -0.3307135 22.25018 -0.2204756 22.25018 -0.3307135 22.25018 -0.2204756 21.27019 -0.2204756 21.27019 -0.3307135 22.25018 -0.3307135 21.27019 -0.2204756 21.27019 -0.3307135 21.27019 -0.2204756 20.29019 -0.2204756 20.29019 -0.3307135 21.27019 -0.3307135 20.29019 -0.2204756 20.29019 -0.3307135 20.29019 -0.2204756 19.3102 -0.2204756 19.3102 -0.3307135 20.29019 -0.3307135 19.3102 -0.2204756 19.3102 -0.3307135 19.3102 -0.2204756 18.3296 -0.2752746 23.22965 -0.4037933 23.22899 -0.3307135 22.25018 -0.3307135 22.25018 -0.4037933 23.22899 -0.4409513 22.25018 -0.3307135 22.25018 -0.4409513 22.25018 -0.3307135 21.27019 -0.3307135 21.27019 -0.4409513 22.25018 -0.4409513 21.27019 -0.3307135 21.27019 -0.4409513 21.27019 -0.3307135 20.29019 -0.3307135 20.29019 -0.4409513 21.27019 -0.4409513 20.29019 -0.3307135 20.29019 -0.4409513 20.29019 -0.3307135 19.3102 -0.4037933 23.22899 -0.5299733 23.2281 -0.4409513 22.25018 -0.4409513 22.25018 -0.5299733 23.2281 -0.5511891 22.25018 -0.4409513 22.25018 -0.5511891 22.25018 -0.4409513 21.27019 -0.4409513 21.27019 -0.5511891 22.25018 -0.5511891 21.27019 -0.4409513 21.27019 -0.5511891 21.27019 -0.4409513 20.29019 -0.5299733 23.2281 -0.6559023 23.22699 -0.5511891 22.25018 -0.5511891 22.25018 -0.6559023 23.22699 -0.661427 22.25018 -0.5511891 22.25018 -0.661427 22.25018 -0.5511891 21.27019 -0.6559023 23.22699 -0.7841411 23.2257 -0.661427 22.25018 -2.12136 21.25824 -2.12136 20.28034 -1.966428 20.29019 -1.966428 20.29019 -2.12136 20.28034 -1.966428 19.3102 -1.966428 20.29019 -1.966428 19.3102 -1.811496 19.3102 -1.811496 19.3102 -1.966428 19.3102 -1.811496 18.32525 -1.811496 19.3102 -1.811496 18.32525 -1.656563 18.32567 -1.656563 18.32567 -1.811496 18.32525 -1.656563 17.34722 -1.656563 18.32567 -1.656563 17.34722 -1.501631 17.3475 -1.501631 17.3475 -1.656563 17.34722 -1.501631 16.86021 -1.501631 17.3475 -1.501631 16.86021 -1.346699 16.86021 -1.346699 16.86021 -1.501631 16.86021 -1.346699 16.36901 -1.346699 16.86021 -1.346699 16.36901 -1.191767 16.36915 -1.191767 16.36915 -1.346699 16.36901 -1.191767 16.12521 -1.191767 16.36915 -1.191767 16.12521 -1.036835 16.12521 -1.036835 16.12521 -1.191767 16.12521 -1.036835 15.88021 -1.036835 16.12521 -1.036835 15.88021 -0.8819026 15.88021 -0.8819026 15.88021 -1.036835 15.88021 -0.8819026 15.63521 -0.8819026 15.88021 -0.8819026 15.63521 -0.7716648 15.63521 -0.7716648 15.63521 -0.8819026 15.63521 -0.7955099 15.39021 -0.7716648 15.63521 -0.7955099 15.39021 -0.662925 15.39021 -2.12136 20.28034 -2.12136 19.30239 -1.966428 19.3102 -1.966428 19.3102 -2.12136 19.30239 -1.966428 18.32483 -1.966428 19.3102 -1.966428 18.32483 -1.811496 18.32525 -1.811496 18.32525 -1.966428 18.32483 -1.811496 17.34694 -1.811496 18.32525 -1.811496 17.34694 -1.656563 17.34722 -1.656563 17.34722 -1.811496 17.34694 -1.656563 16.86021 -1.656563 17.34722 -1.656563 16.86021 -1.501631 16.86021 -1.501631 16.86021 -1.656563 16.86021 -1.501631 16.36887 -1.501631 16.86021 -1.501631 16.36887 -1.346699 16.36901 -1.346699 16.36901 -1.501631 16.36887 -1.346699 16.12521 -1.346699 16.36901 -1.346699 16.12521 -1.191767 16.12521 -1.191767 16.12521 -1.346699 16.12521 -1.191767 15.88021 -1.191767 16.12521 -1.191767 15.88021 -1.036835 15.88021 -1.036835 15.88021 -1.191767 15.88021 -1.036835 15.63521 -1.036835 15.88021 -1.036835 15.63521 -0.8819026 15.63521 -0.8819026 15.63521 -1.036835 15.63521 -0.928095 15.39021 -0.8819026 15.63521 -0.928095 15.39021 -0.7955099 15.39021 -2.12136 19.30239 -2.12136 18.32441 -1.966428 18.32483 -1.966428 18.32483 -2.12136 18.32441 -1.966428 17.34666 -1.966428 18.32483 -1.966428 17.34666 -1.811496 17.34694 -1.811496 17.34694 -1.966428 17.34666 -1.811496 16.86021 -1.811496 17.34694 -1.811496 16.86021 -1.656563 16.86021 -1.656563 16.86021 -1.811496 16.86021 -1.656563 16.36873 -1.656563 16.86021 -1.656563 16.36873 -1.501631 16.36887 -1.501631 16.36887 -1.656563 16.36873 -1.501631 16.12521 -1.501631 16.36887 -1.501631 16.12521 -1.346699 16.12521 -1.346699 16.12521 -1.501631 16.12521 -1.346699 15.88021 -1.346699 16.12521 -1.346699 15.88021 -1.191767 15.88021 -1.191767 15.88021 -1.346699 15.88021 -1.191767 15.63521 -1.191767 15.88021 -1.191767 15.63521 -1.036835 15.63521 -1.036835 15.63521 -1.191767 15.63521 -1.06068 15.39021 -1.036835 15.63521 -1.06068 15.39021 -0.928095 15.39021 -2.12136 18.32441 -2.12136 17.34638 -1.966428 17.34666 -1.966428 17.34666 -2.12136 17.34638 -1.966428 16.86021 -1.966428 17.34666 -1.966428 16.86021 -1.811496 16.86021 -1.811496 16.86021 -1.966428 16.86021 -1.811496 16.36859 -1.811496 16.86021 -1.811496 16.36859 -1.656563 16.36873 -1.656563 16.36873 -1.811496 16.36859 -1.656563 16.12521 -1.656563 16.36873 -1.656563 16.12521 -1.501631 16.12521 -1.501631 16.12521 -1.656563 16.12521 -1.501631 15.88021 -1.501631 16.12521 -1.501631 15.88021 -1.346699 15.88021 -1.346699 15.88021 -1.501631 15.88021 -1.346699 15.63521 -1.346699 15.88021 -1.346699 15.63521 -1.191767 15.63521 -1.191767 15.63521 -1.346699 15.63521 -1.32585 15.39021 -1.191767 15.63521 -1.32585 15.39021 -1.193265 15.39021 -2.12136 17.34638 -2.12136 16.36832 -1.966428 16.86021 -1.966428 16.86021 -2.12136 16.36832 -1.966428 16.36845 -1.966428 16.86021 -1.966428 16.36845 -1.811496 16.36859 -1.811496 16.36859 -1.966428 16.36845 -1.811496 16.12521 -1.811496 16.36859 -1.811496 16.12521 -1.656563 16.12521 -1.656563 16.12521 -1.811496 16.12521 -1.656563 15.88021 -1.656563 16.12521 -1.656563 15.88021 -1.501631 15.88021 -1.501631 15.88021 -1.656563 15.88021 -1.501631 15.63521 -1.501631 15.88021 -1.501631 15.63521 -1.346699 15.63521 -1.346699 15.63521 -1.501631 15.63521 -1.458435 15.39021 -1.346699 15.63521 -1.458435 15.39021 -1.32585 15.39021 -2.12136 15.39021 -1.966428 15.88021 -2.12136 16.36832 -2.12136 16.36832 -1.966428 15.88021 -1.966428 16.12521 -2.12136 16.36832 -1.966428 16.12521 -1.966428 16.36845 -1.966428 16.36845 -1.966428 16.12521 -1.811496 16.12521 -2.12136 15.39021 -1.988775 15.39021 -1.966428 15.88021 -1.966428 15.88021 -1.988775 15.39021 -1.966428 15.63521 -1.966428 15.88021 -1.966428 15.63521 -1.811496 15.63521 -1.811496 15.63521 -1.966428 15.63521 -1.85619 15.39021 -1.811496 15.63521 -1.85619 15.39021 -1.723605 15.39021 -1.988775 15.39021 -1.85619 15.39021 -1.966428 15.63521 -1.811496 15.63521 -1.723605 15.39021 -1.656563 15.63521 -1.656563 15.63521 -1.723605 15.39021 -1.59102 15.39021 -1.656563 15.63521 -1.59102 15.39021 -1.501631 15.63521 -1.501631 15.63521 -1.59102 15.39021 -1.458435 15.39021 -1.193265 15.39021 -1.06068 15.39021 -1.191767 15.63521 0 16.37021 -0.1102378 16.12521 -0.1102378 15.88021 -0.1102378 15.88021 -0.1102378 16.12521 -0.2204756 16.12521 -0.1102378 15.88021 -0.2204756 16.12521 -0.2204756 15.88021 -0.2204756 15.88021 -0.2204756 16.12521 -0.3307135 16.12521 -0.2204756 15.88021 -0.3307135 16.12521 -0.3307135 15.88021 -0.3307135 15.88021 -0.3307135 16.12521 -0.4409513 16.12521 -0.3307135 15.88021 -0.4409513 16.12521 -0.4409513 15.88021 -0.4409513 15.88021 -0.4409513 16.12521 -0.5511891 16.12521 -0.4409513 15.88021 -0.5511891 16.12521 -0.5511891 15.88021 -0.5511891 15.88021 -0.5511891 16.12521 -0.661427 16.12521 -0.5511891 15.88021 -0.661427 16.12521 -0.661427 15.88021 -0.661427 15.88021 -0.661427 16.12521 -0.7716648 16.12521 -0.661427 15.88021 -0.7716648 16.12521 -0.7716648 15.88021 -0.7716648 15.88021 -0.7716648 16.12521 -0.8819026 16.12521 -0.1102378 15.88021 -0.2204756 15.88021 -0.1102378 15.63521 -0.1102378 15.63521 -0.2204756 15.88021 -0.2204756 15.63521 -0.2204756 15.88021 -0.3307135 15.88021 -0.2204756 15.63521 -0.2204756 15.63521 -0.3307135 15.88021 -0.3307135 15.63521 -0.3307135 15.88021 -0.4409513 15.88021 -0.3307135 15.63521 -0.3307135 15.63521 -0.4409513 15.88021 -0.4409513 15.63521 -0.4409513 15.88021 -0.5511891 15.88021 -0.4409513 15.63521 -0.4409513 15.63521 -0.5511891 15.88021 -0.5511891 15.63521 -0.5511891 15.88021 -0.661427 15.88021 -0.5511891 15.63521 -0.5511891 15.63521 -0.661427 15.88021 -0.661427 15.63521 -0.661427 15.88021 -0.7716648 15.88021 -0.661427 15.63521 -1.501631 15.63521 -1.656563 15.88021 -1.656563 15.63521 -1.656563 15.63521 -1.656563 15.88021 -1.811496 15.88021 -1.656563 15.63521 -1.811496 15.88021 -1.811496 15.63521 -1.811496 15.63521 -1.811496 15.88021 -1.966428 15.88021 -0.2204756 16.37001 -0.1102378 16.37011 -0.2204756 16.86021 -0.2204756 16.86021 -0.1102378 16.37011 -0.1102378 16.86021 -0.2204756 16.86021 -0.1102378 16.86021 -0.2204756 17.34981 -0.3307135 16.36991 -0.2204756 16.37001 -0.3307135 16.86021 -0.3307135 16.86021 -0.2204756 16.37001 -0.2204756 16.86021 -0.3307135 16.86021 -0.2204756 16.86021 -0.3307135 17.34961 -0.3307135 17.34961 -0.2204756 16.86021 -0.2204756 17.34981 -0.3307135 17.34961 -0.2204756 17.34981 -0.3307135 18.3293 -0.4409513 16.36981 -0.3307135 16.36991 -0.4409513 16.86021 -0.4409513 16.86021 -0.3307135 16.36991 -0.3307135 16.86021 -0.4409513 16.86021 -0.3307135 16.86021 -0.4409513 17.34941 -0.4409513 17.34941 -0.3307135 16.86021 -0.3307135 17.34961 -0.4409513 17.34941 -0.3307135 17.34961 -0.4409513 18.329 -0.4409513 18.329 -0.3307135 17.34961 -0.3307135 18.3293 -0.4409513 18.329 -0.3307135 18.3293 -0.4409513 19.3102 -0.5511891 16.36972 -0.4409513 16.36981 -0.5511891 16.86021 -0.5511891 16.86021 -0.4409513 16.36981 -0.4409513 16.86021 -0.5511891 16.86021 -0.4409513 16.86021 -0.5511891 17.34921 -0.5511891 17.34921 -0.4409513 16.86021 -0.4409513 17.34941 -0.5511891 17.34921 -0.4409513 17.34941 -0.5511891 18.32869 -0.5511891 18.32869 -0.4409513 17.34941 -0.4409513 18.329 -0.5511891 18.32869 -0.4409513 18.329 -0.5511891 19.3102 -0.5511891 19.3102 -0.4409513 18.329 -0.4409513 19.3102 -0.5511891 19.3102 -0.4409513 19.3102 -0.5511891 20.29019 -0.661427 16.36962 -0.5511891 16.36972 -0.661427 16.86021 -0.661427 16.86021 -0.5511891 16.36972 -0.5511891 16.86021 -0.661427 16.86021 -0.5511891 16.86021 -0.661427 17.34901 -0.661427 17.34901 -0.5511891 16.86021 -0.5511891 17.34921 -0.661427 17.34901 -0.5511891 17.34921 -0.661427 18.32839 -0.661427 18.32839 -0.5511891 17.34921 -0.5511891 18.32869 -0.661427 18.32839 -0.5511891 18.32869 -0.661427 19.3102 -0.661427 19.3102 -0.5511891 18.32869 -0.5511891 19.3102 -0.661427 19.3102 -0.5511891 19.3102 -0.661427 20.29019 -0.661427 20.29019 -0.5511891 19.3102 -0.5511891 20.29019 -0.661427 20.29019 -0.5511891 20.29019 -0.661427 21.27019 -0.7716648 16.36952 -0.661427 16.36962 -0.7716648 16.86021 -0.7716648 16.86021 -0.661427 16.36962 -0.661427 16.86021 -0.7716648 16.86021 -0.661427 16.86021 -0.7716648 17.34881 -0.7716648 17.34881 -0.661427 16.86021 -0.661427 17.34901 -0.7716648 17.34881 -0.661427 17.34901 -0.7716648 18.32809 -0.7716648 18.32809 -0.661427 17.34901 -0.661427 18.32839 -0.7716648 18.32809 -0.661427 18.32839 -0.7716648 19.3102 -0.7716648 19.3102 -0.661427 18.32839 -0.661427 19.3102 -0.7716648 19.3102 -0.661427 19.3102 -0.7716648 20.29019 -0.7716648 20.29019 -0.661427 19.3102 -0.661427 20.29019 -0.7716648 20.29019 -0.661427 20.29019 -0.7716648 21.27019 -0.7716648 21.27019 -0.661427 20.29019 -0.661427 21.27019 -0.7716648 21.27019 -0.661427 21.27019 -0.7716648 22.25018 -0.8819026 16.36942 -0.7716648 16.36952 -0.8819026 16.86021 -0.8819026 16.86021 -0.7716648 16.36952 -0.7716648 16.86021 -0.8819026 16.86021 -0.7716648 16.86021 -0.8819026 17.34861 -0.8819026 17.34861 -0.7716648 16.86021 -0.7716648 17.34881 -0.8819026 17.34861 -0.7716648 17.34881 -0.8819026 18.32779 -0.8819026 18.32779 -0.7716648 17.34881 -0.7716648 18.32809 -0.8819026 18.32779 -0.7716648 18.32809 -0.8819026 19.3102 -0.8819026 19.3102 -0.7716648 18.32809 -0.7716648 19.3102 -0.8819026 19.3102 -0.7716648 19.3102 -0.8819026 20.29019 -0.8819026 20.29019 -0.7716648 19.3102 -0.7716648 20.29019 -0.8819026 20.29019 -0.7716648 20.29019 -0.8819026 21.27019 -0.8819026 21.27019 -0.7716648 20.29019 -0.7716648 21.27019 -0.8819026 21.27019 -0.7716648 21.27019 -0.8819026 22.25018 -0.8819026 22.25018 -0.7716648 21.27019 -0.7716648 22.25018 -1.036835 16.36928 -0.8819026 16.36942 -1.036835 16.86021 -1.036835 16.86021 -0.8819026 16.36942 -0.8819026 16.86021 -1.036835 16.86021 -0.8819026 16.86021 -1.036835 17.34834 -1.036835 17.34834 -0.8819026 16.86021 -0.8819026 17.34861 -1.036835 17.34834 -0.8819026 17.34861 -1.036835 18.32737 -1.036835 18.32737 -0.8819026 17.34861 -0.8819026 18.32779 -1.036835 18.32737 -0.8819026 18.32779 -1.036835 19.3102 -1.036835 19.3102 -0.8819026 18.32779 -0.8819026 19.3102 -1.036835 19.3102 -0.8819026 19.3102 -1.036835 20.29019 -1.036835 20.29019 -0.8819026 19.3102 -0.8819026 20.29019 -1.036835 20.29019 -0.8819026 20.29019 -1.036835 21.27019 -1.036835 21.27019 -0.8819026 20.29019 -0.8819026 21.27019 -1.036835 21.27019 -0.8819026 21.27019 -1.036835 22.25018 -1.036835 22.25018 -0.8819026 21.27019 -0.8819026 22.25018 -1.036835 16.36928 -1.036835 16.86021 -1.191767 16.86021 -1.191767 16.86021 -1.036835 16.86021 -1.191767 17.34806 -1.191767 16.86021 -1.191767 17.34806 -1.346699 17.34778 -1.346699 17.34778 -1.191767 17.34806 -1.346699 18.32652 -1.346699 17.34778 -1.346699 18.32652 -1.501631 18.3261 -1.501631 18.3261 -1.346699 18.32652 -1.501631 19.3102 -1.501631 18.3261 -1.501631 19.3102 -1.656563 19.3102 -1.656563 19.3102 -1.501631 19.3102 -1.656563 20.29019 -1.656563 19.3102 -1.656563 20.29019 -1.811496 20.29019 -1.811496 20.29019 -1.656563 20.29019 -1.811496 21.27019 -1.811496 20.29019 -1.811496 21.27019 -1.966428 21.27019 -1.966428 21.27019 -1.811496 21.27019 -1.966428 22.25018 -1.191767 17.34806 -1.036835 16.86021 -1.036835 17.34834 -1.191767 17.34806 -1.036835 17.34834 -1.191767 18.32695 -1.191767 18.32695 -1.036835 17.34834 -1.036835 18.32737 -1.191767 18.32695 -1.036835 18.32737 -1.191767 19.3102 -1.191767 19.3102 -1.036835 18.32737 -1.036835 19.3102 -1.191767 19.3102 -1.036835 19.3102 -1.191767 20.29019 -1.191767 20.29019 -1.036835 19.3102 -1.036835 20.29019 -1.191767 20.29019 -1.036835 20.29019 -1.191767 21.27019 -1.191767 21.27019 -1.036835 20.29019 -1.036835 21.27019 -1.191767 21.27019 -1.036835 21.27019 -1.191767 22.25018 -1.191767 22.25018 -1.036835 21.27019 -1.036835 22.25018 -1.191767 17.34806 -1.191767 18.32695 -1.346699 18.32652 -1.346699 18.32652 -1.191767 18.32695 -1.346699 19.3102 -1.346699 18.32652 -1.346699 19.3102 -1.501631 19.3102 -1.501631 19.3102 -1.346699 19.3102 -1.501631 20.29019 -1.501631 19.3102 -1.501631 20.29019 -1.656563 20.29019 -1.656563 20.29019 -1.501631 20.29019 -1.656563 21.27019 -1.656563 20.29019 -1.656563 21.27019 -1.811496 21.27019 -1.811496 21.27019 -1.656563 21.27019 -1.811496 22.25018 -1.811496 21.27019 -1.811496 22.25018 -1.966428 22.25018 -1.346699 19.3102 -1.191767 18.32695 -1.191767 19.3102 -1.346699 19.3102 -1.191767 19.3102 -1.346699 20.29019 -1.346699 20.29019 -1.191767 19.3102 -1.191767 20.29019 -1.346699 20.29019 -1.191767 20.29019 -1.346699 21.27019 -1.346699 21.27019 -1.191767 20.29019 -1.191767 21.27019 -1.346699 21.27019 -1.191767 21.27019 -1.346699 22.25018 -1.346699 22.25018 -1.191767 21.27019 -1.191767 22.25018 -1.346699 19.3102 -1.346699 20.29019 -1.501631 20.29019 -1.501631 20.29019 -1.346699 20.29019 -1.501631 21.27019 -1.501631 20.29019 -1.501631 21.27019 -1.656563 21.27019 -1.656563 21.27019 -1.501631 21.27019 -1.656563 22.25018 -1.656563 21.27019 -1.656563 22.25018 -1.811496 22.25018 -1.501631 21.27019 -1.346699 20.29019 -1.346699 21.27019 -1.346699 22.25018 -1.501631 22.25018 -1.346699 21.27019 -1.346699 21.27019 -1.501631 22.25018 -1.501631 21.27019 -1.501631 22.25018 -1.656563 22.25018 -1.501631 21.27019 -1.966428 15.88021 -1.811496 15.88021 -1.966428 16.12521 -1.966428 16.12521 -1.811496 15.88021 -1.811496 16.12521 -1.811496 15.88021 -1.656563 15.88021 -1.811496 16.12521 0 0 0.1411055 0 0 0.1376467 0 0.1376467 0.1411055 0 0.07055276 0.2097473 0 0.1376467 0.07055276 0.2097473 0 0.2752934 0 0.2752934 0.07055276 0.2097473 0.07055276 0.4194947 0 0.2752934 0.07055276 0.4194947 0 0.4129401 0 0.4129401 0.07055276 0.4194947 0 0.5505868 0 0.5505868 0.07055276 0.4194947 0.07055276 0.563696 0 0.5505868 0.07055276 0.563696 0 0.6882335 0 0.6882335 0.07055276 0.563696 0.07055276 0.7078973 0 0.6882335 0.07055276 0.7078973 0 0.8258802 0 0.8258802 0.07055276 0.7078973 0.07055276 0.8520986 0 0.8258802 0.07055276 0.8520986 0 0.9635269 0 0.9635269 0.07055276 0.8520986 0.07055276 0.9962999 0 0.9635269 0.07055276 0.9962999 0 1.101173 0 1.101173 0.07055276 0.9962999 0.07055276 1.140501 0 1.101173 0.07055276 1.140501 0 1.23882 0 1.23882 0.07055276 1.140501 0.07055276 1.284703 0 1.23882 0.07055276 1.284703 0 1.376467 0 1.376467 0.07055276 1.284703 0.07055276 1.428904 0 1.376467 0.07055276 1.428904 0 1.514114 0 1.514114 0.07055276 1.428904 0.07055276 1.573105 0 1.514114 0.07055276 1.573105 0 1.65176 0 1.65176 0.07055276 1.573105 0.07055276 1.730416 0 1.65176 0.07055276 1.730416 0 1.789407 0 1.789407 0.07055276 1.730416 0.07055276 1.887726 0 1.789407 0.07055276 1.887726 0 1.927054 0 1.927054 0.07055276 1.887726 0.07055276 2.045037 0 1.927054 0.07055276 2.045037 0 2.0647 0 2.0647 0.07055276 2.045037 0 2.202347 0 2.202347 0.07055276 2.045037 0.1409237 2.064729 0 2.202347 0.1409237 2.064729 0.1411055 2.202347 0.1411055 0 0.1411055 0.1376749 0.07055276 0.2097473 0.07055276 0.2097473 0.1411055 0.1376749 0.1411055 0.2753499 0.07055276 0.2097473 0.1411055 0.2753499 0.07055276 0.4194947 0.07055276 0.4194947 0.1411055 0.2753499 0.1411055 0.4130248 0.07055276 0.4194947 0.1411055 0.4130248 0.1411055 0.5506997 0.07055276 0.4194947 0.1411055 0.5506997 0.07055276 0.563696 0.07055276 0.563696 0.1411055 0.5506997 0.1411055 0.6883746 0.07055276 0.563696 0.1411055 0.6883746 0.07055276 0.7078973 0.07055276 0.7078973 0.1411055 0.6883746 0.1411055 0.8260496 0.07055276 0.7078973 0.1411055 0.8260496 0.07055276 0.8520986 0.07055276 0.8520986 0.1411055 0.8260496 0.1411055 0.9637245 0.07055276 0.8520986 0.1411055 0.9637245 0.07055276 0.9962999 0.07055276 0.9962999 0.1411055 0.9637245 0.1411055 1.101399 0.07055276 0.9962999 0.1411055 1.101399 0.07055276 1.140501 0.07055276 1.140501 0.1411055 1.101399 0.1409237 1.239018 0.07055276 1.140501 0.1409237 1.239018 0.07055276 1.284703 0.07055276 1.284703 0.1409237 1.239018 0.1409237 1.376636 0.07055276 1.284703 0.1409237 1.376636 0.07055276 1.428904 0.07055276 1.428904 0.1409237 1.376636 0.1409237 1.514255 0.07055276 1.428904 0.1409237 1.514255 0.07055276 1.573105 0.07055276 1.573105 0.1409237 1.514255 0.1409237 1.651873 0.07055276 1.573105 0.1409237 1.651873 0.07055276 1.730416 0.07055276 1.730416 0.1409237 1.651873 0.1409237 1.789492 0.07055276 1.730416 0.1409237 1.789492 0.07055276 1.887726 0.07055276 1.887726 0.1409237 1.789492 0.1409237 1.92711 0.07055276 1.887726 0.1409237 1.92711 0.07055276 2.045037 0.07055276 2.045037 0.1409237 1.92711 0.1409237 2.064729 0.08707618 0.1 1.55682e-5 0.1 0.08708786 0.04999995 0.08708786 0.04999995 1.55682e-5 0.1 1.55682e-5 0 0.08708786 0.04999995 1.55682e-5 0 0.1278645 0 0.08708786 0.04999995 0.1278645 0 0.1741602 0.04999995 0.1741602 0.04999995 0.1278645 0 0.2556025 0 0.1741602 0.04999995 0.2556025 0 0.2612325 0.04999995 0.2612325 0.04999995 0.2556025 0 0.3483048 0.04999995 0.2612325 0.04999995 0.3483048 0.04999995 0.3483048 0.1 0.3483048 0.1 0.3483048 0.04999995 0.4529232 0.04999995 0.3483048 0.1 0.4529232 0.04999995 0.4529232 0.1 0.4529232 0.1 0.4529232 0.04999995 0.5575417 0.04999995 0.4529232 0.1 0.5575417 0.04999995 0.5575417 0.1 0.5575417 0.1 0.5575417 0.04999995 0.6621602 0.04999995 0.5575417 0.1 0.6621602 0.04999995 0.6621602 0.1 0.6621602 0.1 0.6621602 0.04999995 0.7667787 0.04999995 0.6621602 0.1 0.7667787 0.04999995 0.7667787 0.1 0.7667787 0.1 0.7667787 0.04999995 0.8743749 0.04999995 0.7667787 0.1 0.8743749 0.04999995 0.8743749 0.1 0.8743749 0.1 0.8743749 0.04999995 0.9819712 0.04999995 0.8743749 0.1 0.9819712 0.04999995 0.9819712 0.1 0.9819712 0.1 0.9819712 0.04999995 1.089567 0.04999995 0.9819712 0.1 1.089567 0.04999995 1.089567 0.1 1.089567 0.1 1.089567 0.04999995 1.197164 0.04999995 1.089567 0.1 1.197164 0.04999995 1.197164 0.1 1.197164 0.1 1.197164 0.04999995 1.304623 0.04999995 1.197164 0.1 1.304623 0.04999995 1.304623 0.1 1.304623 0.1 1.304623 0.04999995 1.412082 0.04999995 1.304623 0.1 1.412082 0.04999995 1.412082 0.1 1.412082 0.1 1.412082 0.04999995 1.519541 0.04999995 1.412082 0.1 1.519541 0.04999995 1.519541 0.1 1.519541 0.1 1.519541 0.04999995 1.627 0.04999995 1.519541 0.1 1.627 0.04999995 1.627 0.1 1.627 0.1 1.627 0.04999995 1.730686 0.04999995 1.627 0.1 1.730686 0.04999995 1.730686 0.1 1.730686 0.1 1.730686 0.04999995 1.834372 0.04999995 1.730686 0.1 1.834372 0.04999995 1.834372 0.1 1.834372 0.1 1.834372 0.04999995 1.938058 0.04999995 1.834372 0.1 1.938058 0.04999995 1.938058 0.1 1.938058 0.1 1.938058 0.04999995 2.041743 0.1 2.041743 0.1 1.938058 0.04999995 2.041743 0 2.041743 0 1.938058 0.04999995 1.914122 0 1.914122 0 1.938058 0.04999995 1.834372 0.04999995 1.914122 0 1.834372 0.04999995 1.786541 0 1.786541 0 1.834372 0.04999995 1.730686 0.04999995 1.786541 0 1.730686 0.04999995 1.658863 0 1.658863 0 1.730686 0.04999995 1.627 0.04999995 1.658863 0 1.627 0.04999995 1.531138 0 1.531138 0 1.627 0.04999995 1.519541 0.04999995 1.531138 0 1.519541 0.04999995 1.40366 0 1.40366 0 1.519541 0.04999995 1.412082 0.04999995 1.40366 0 1.412082 0.04999995 1.304623 0.04999995 0.2556025 0 0.382941 0 0.3483048 0.04999995 0.3483048 0.04999995 0.382941 0 0.4529232 0.04999995 0.382941 0 0.5104196 0 0.4529232 0.04999995 0.4529232 0.04999995 0.5104196 0 0.5575417 0.04999995 0.5104196 0 0.6381054 0 0.5575417 0.04999995 0.5575417 0.04999995 0.6381054 0 0.6621602 0.04999995 0.6381054 0 0.7657157 0 0.6621602 0.04999995 0.6621602 0.04999995 0.7657157 0 0.7667787 0.04999995 0.7667787 0.04999995 0.7657157 0 0.8743749 0.04999995 0.8743749 0.04999995 0.7657157 0 0.8930807 0 0.8743749 0.04999995 0.8930807 0 0.9819712 0.04999995 0.9819712 0.04999995 0.8930807 0 1.020647 0 0.9819712 0.04999995 1.020647 0 1.089567 0.04999995 1.089567 0.04999995 1.020647 0 1.148498 0 1.089567 0.04999995 1.148498 0 1.197164 0.04999995 1.197164 0.04999995 1.148498 0 1.276195 0 1.197164 0.04999995 1.276195 0 1.304623 0.04999995 1.304623 0.04999995 1.276195 0 1.40366 0 0.3483048 0.1 0.2612286 0.1 0.2612325 0.04999995 0.2612325 0.04999995 0.2612286 0.1 0.1741602 0.04999995 0.2612286 0.1 0.1741524 0.1 0.1741602 0.04999995 0.1741602 0.04999995 0.1741524 0.1 0.08708786 0.04999995 0.1741524 0.1 0.08707618 0.1 0.08708786 0.04999995 0.2828427 0 0 0 0.2828427 -0.03590625 0.2828427 -0.03590625 0 0 0 -0.03590625 0.2828427 -0.03590625 0 -0.03590625 0.2828427 -0.07181257 0.2828427 -0.07181257 0 -0.03590625 0 -0.07181257 0.2828427 -0.07181257 0 -0.07181257 0.2828427 -0.1077188 0.2828427 -0.1077188 0 -0.07181257 0 -0.1077188 0.2828427 -0.1077188 0 -0.1077188 0.2828427 -0.1436251 0.2828427 -0.1436251 0 -0.1077188 0 -0.1436251 0.2828427 -0.1436251 0 -0.1436251 0.2828427 -0.1795315 0.2828427 -0.1795315 0 -0.1436251 0 -0.1795315 0.2828427 -0.1795315 0 -0.1795315 0.2828427 -0.2154377 0.2828427 -0.2154377 0 -0.1795315 0 -0.2154377 0.2828427 -0.2154377 0 -0.2154377 0.2828427 -0.251344 0.2828427 -0.251344 0 -0.2154377 0 -0.251344 0.2828427 -0.251344 0 -0.251344 0.2828427 -0.2872503 0.2828427 -0.2872503 0 -0.251344 0 -0.2872503 0.2828427 -0.2872503 0 -0.2872503 0.2828427 -0.3231567 0.2828427 -0.3231567 0 -0.2872503 0 -0.3231567 0.2828427 -0.3231567 0 -0.3231567 0.2828427 -0.359063 0.2828427 -0.359063 0 -0.3231567 0 -0.359063 0.2828427 -0.359063 0 -0.359063 0.2828427 -0.3949692 0.2828427 -0.3949692 0 -0.359063 0 -0.3949692 0.2828427 -0.3949692 0 -0.3949692 0.2828427 -0.4308755 0.2828427 -0.4308755 0 -0.3949692 0 -0.4308755 0.2828427 -0.4308755 0 -0.4308755 0.2828427 -0.4667819 0.2828427 -0.4667819 0 -0.4308755 0 -0.4667819 0.2828427 -0.4667819 0 -0.4667819 0.2828427 -0.5026881 0.2828427 -0.5026881 0 -0.4667819 0 -0.5026881 0.2828427 -0.5026881 0 -0.5026881 0.2828427 -0.5385944 0.2828427 -0.5385944 0 -0.5026881 0 -0.5385944 0.2828427 -0.5385944 0 -0.5385944 0.2828427 -0.5745007 0.2828427 -0.5745007 0 -0.5385944 0 -0.5745007 0 -0.5745007 0 -0.5385944 -0.1414213 -0.5745007 -0.1414213 -0.5745007 0 -0.5385944 -0.2828427 -0.5385944 -0.1414213 -0.5745007 -0.2828427 -0.5385944 -0.212132 -0.5745007 -0.212132 -0.5745007 -0.2828427 -0.5385944 -0.2474873 -0.5745007 -0.2474873 -0.5745007 -0.2828427 -0.5385944 -0.2828427 -0.5745007 0 0 -0.1414213 0 0 -0.03590625 0 -0.03590625 -0.1414213 0 -0.2828427 -0.03590625 0 -0.03590625 -0.2828427 -0.03590625 0 -0.07181257 0 -0.07181257 -0.2828427 -0.03590625 -0.2828427 -0.07181257 0 -0.07181257 -0.2828427 -0.07181257 0 -0.1077188 0 -0.1077188 -0.2828427 -0.07181257 -0.2828427 -0.1077188 0 -0.1077188 -0.2828427 -0.1077188 0 -0.1436251 0 -0.1436251 -0.2828427 -0.1077188 -0.2828427 -0.1436251 0 -0.1436251 -0.2828427 -0.1436251 0 -0.1795315 0 -0.1795315 -0.2828427 -0.1436251 -0.2828427 -0.1795315 0 -0.1795315 -0.2828427 -0.1795315 0 -0.2154377 0 -0.2154377 -0.2828427 -0.1795315 -0.2828427 -0.2154377 0 -0.2154377 -0.2828427 -0.2154377 0 -0.251344 0 -0.251344 -0.2828427 -0.2154377 -0.2828427 -0.251344 0 -0.251344 -0.2828427 -0.251344 0 -0.2872503 0 -0.2872503 -0.2828427 -0.251344 -0.2828427 -0.2872503 0 -0.2872503 -0.2828427 -0.2872503 0 -0.3231567 0 -0.3231567 -0.2828427 -0.2872503 -0.2828427 -0.3231567 0 -0.3231567 -0.2828427 -0.3231567 0 -0.359063 0 -0.359063 -0.2828427 -0.3231567 -0.2828427 -0.359063 0 -0.359063 -0.2828427 -0.359063 0 -0.3949692 0 -0.3949692 -0.2828427 -0.359063 -0.2828427 -0.3949692 0 -0.3949692 -0.2828427 -0.3949692 0 -0.4308755 0 -0.4308755 -0.2828427 -0.3949692 -0.2828427 -0.4308755 0 -0.4308755 -0.2828427 -0.4308755 0 -0.4667819 0 -0.4667819 -0.2828427 -0.4308755 -0.2828427 -0.4667819 0 -0.4667819 -0.2828427 -0.4667819 0 -0.5026881 0 -0.5026881 -0.2828427 -0.4667819 -0.2828427 -0.5026881 0 -0.5026881 -0.2828427 -0.5026881 0 -0.5385944 0 -0.5385944 -0.2828427 -0.5026881 -0.2828427 -0.5385944 -0.1414213 0 -0.212132 0 -0.2828427 -0.03590625 -0.2828427 -0.03590625 -0.212132 0 -0.2474873 0 -0.2828427 -0.03590625 -0.2474873 0 -0.2828427 0 -0.2828427 0 -0.2474873 0 -0.2828427 0.03590625 -0.2828427 0.03590625 -0.2474873 0 -0.212132 0 -0.2828427 0.03590625 -0.212132 0 -0.1414213 0 -0.2828427 0.03590625 -0.1414213 0 0 0.03590625 0 0.03590625 -0.1414213 0 0 0 0 0.03590625 0 0 0.2828427 0 0.2828427 0 0.2828427 0.03590625 0 0.03590625 0 0.03590625 0.2828427 0.03590625 0 0.07181257 0 0.03590625 0 0.07181257 -0.2828427 0.07181257 -0.2828427 0.07181257 0 0.07181257 -0.2828427 0.1077188 -0.2828427 0.1077188 0 0.07181257 0 0.1077188 -0.2828427 0.1077188 0 0.1077188 -0.2828427 0.1436251 -0.2828427 0.1436251 0 0.1077188 0 0.1436251 -0.2828427 0.1436251 0 0.1436251 -0.2828427 0.1795315 -0.2828427 0.1795315 0 0.1436251 0 0.1795315 -0.2828427 0.1795315 0 0.1795315 -0.2828427 0.2154377 -0.2828427 0.2154377 0 0.1795315 0 0.2154377 -0.2828427 0.2154377 0 0.2154377 -0.2828427 0.251344 -0.2828427 0.251344 0 0.2154377 0 0.251344 -0.2828427 0.251344 0 0.251344 -0.2828427 0.2872503 -0.2828427 0.2872503 0 0.251344 0 0.2872503 -0.2828427 0.2872503 0 0.2872503 -0.2828427 0.3231567 -0.2828427 0.3231567 0 0.2872503 0 0.3231567 -0.2828427 0.3231567 0 0.3231567 -0.2828427 0.359063 -0.2828427 0.359063 0 0.3231567 0 0.359063 -0.2828427 0.359063 0 0.359063 -0.2828427 0.3949692 -0.2828427 0.3949692 0 0.359063 0 0.3949692 -0.2828427 0.3949692 0 0.3949692 -0.2828427 0.4308755 -0.2828427 0.4308755 0 0.3949692 0 0.4308755 -0.2828427 0.4308755 0 0.4308755 -0.2828427 0.4667819 -0.2828427 0.4667819 0 0.4308755 0 0.4667819 -0.2828427 0.4667819 0 0.4667819 -0.2828427 0.5026881 -0.2828427 0.5026881 0 0.4667819 0 0.5026881 -0.2828427 0.5026881 0 0.5026881 -0.2828427 0.5385944 -0.2828427 0.5385944 0 0.5026881 0 0.5385944 -0.2828427 0.5385944 0 0.5385944 -0.1414213 0.5745007 -0.1414213 0.5745007 0 0.5385944 0 0.5745007 0 0.5745007 0 0.5385944 0.2828427 0.5385944 0 0.5745007 0.2828427 0.5385944 0.2828427 0.5745007 0.2828427 0.03590625 0.2828427 0.07181257 0 0.07181257 0 0.07181257 0.2828427 0.07181257 0 0.1077188 0.2828427 0.07181257 0.2828427 0.1077188 0 0.1077188 0 0.1077188 0.2828427 0.1077188 0 0.1436251 0.2828427 0.1077188 0.2828427 0.1436251 0 0.1436251 0 0.1436251 0.2828427 0.1436251 0 0.1795315 0.2828427 0.1436251 0.2828427 0.1795315 0 0.1795315 0 0.1795315 0.2828427 0.1795315 0 0.2154377 0.2828427 0.1795315 0.2828427 0.2154377 0 0.2154377 0 0.2154377 0.2828427 0.2154377 0 0.251344 0.2828427 0.2154377 0.2828427 0.251344 0 0.251344 0 0.251344 0.2828427 0.251344 0 0.2872503 0.2828427 0.251344 0.2828427 0.2872503 0 0.2872503 0 0.2872503 0.2828427 0.2872503 0 0.3231567 0.2828427 0.2872503 0.2828427 0.3231567 0 0.3231567 0 0.3231567 0.2828427 0.3231567 0 0.359063 0.2828427 0.3231567 0.2828427 0.359063 0 0.359063 0 0.359063 0.2828427 0.359063 0 0.3949692 0.2828427 0.359063 0.2828427 0.3949692 0 0.3949692 0 0.3949692 0.2828427 0.3949692 0 0.4308755 0.2828427 0.3949692 0.2828427 0.4308755 0 0.4308755 0 0.4308755 0.2828427 0.4308755 0 0.4667819 0.2828427 0.4308755 0.2828427 0.4667819 0 0.4667819 0 0.4667819 0.2828427 0.4667819 0 0.5026881 0.2828427 0.4667819 0.2828427 0.5026881 0 0.5026881 0 0.5026881 0.2828427 0.5026881 0 0.5385944 0.2828427 0.5026881 0.2828427 0.5385944 0 0.5385944 -0.1414213 0.5745007 -0.212132 0.5745007 -0.2828427 0.5385944 -0.2828427 0.5385944 -0.212132 0.5745007 -0.2474873 0.5745007 -0.2828427 0.5385944 -0.2474873 0.5745007 -0.2828427 0.5745007 -0.2828427 0.07181257 -0.2828427 0.03590625 0 0.03590625 0.003060877 0.03046816 0.003112852 0.03103458 0 0.03103458 0 0.03103458 0.003112852 0.03103458 0.003060877 0.03160101 0 0.03103458 0.003060877 0.03160101 0.002894282 0.03218042 0.002894282 0.03218042 0.002605438 0.03273797 0 0.03103458 0 0.03103458 0.002605438 0.03273797 0.002201139 0.03323572 0 0.03103458 0.002201139 0.03323572 0.001703381 0.03364008 0.001703381 0.03364008 0.001145839 0.03392893 0 0.03103458 0 0.03103458 0.001145839 0.03392893 5.66432e-4 0.03409552 0 0.03103458 5.66432e-4 0.03409552 0 0.0341475 0 0.0341475 -5.66432e-4 0.03409552 0 0.03103458 0 0.03103458 -5.66432e-4 0.03409552 -0.001145839 0.03392893 0 0.03103458 -0.001145839 0.03392893 -0.001703381 0.03364008 -0.001703381 0.03364008 -0.002201139 0.03323572 0 0.03103458 0 0.03103458 -0.002201139 0.03323572 -0.002605438 0.03273797 0 0.03103458 -0.002605438 0.03273797 -0.002894282 0.03218042 -0.002894282 0.03218042 -0.003060877 0.03160101 0 0.03103458 0 0.03103458 -0.003060877 0.03160101 -0.003112852 0.03103458 0 0.03103458 -0.003112852 0.03103458 -0.003060877 0.03046816 -0.003060877 0.03046816 -0.002894282 0.02988874 0 0.03103458 0 0.03103458 -0.002894282 0.02988874 -0.002605438 0.02933114 0 0.03103458 -0.002605438 0.02933114 -0.002201139 0.02883344 -0.002201139 0.02883344 -0.001703381 0.02842909 0 0.03103458 0 0.03103458 -0.001703381 0.02842909 -0.001145839 0.02814024 0 0.03103458 -0.001145839 0.02814024 -5.66432e-4 0.02797365 -5.66432e-4 0.02797365 0 0.02792167 0 0.03103458 0 0.03103458 0 0.02792167 5.66432e-4 0.02797365 0 0.03103458 5.66432e-4 0.02797365 0.001145839 0.02814024 0.001145839 0.02814024 0.001703381 0.02842909 0 0.03103458 0 0.03103458 0.001703381 0.02842909 0.002201139 0.02883344 0 0.03103458 0.002201139 0.02883344 0.002605438 0.02933114 0.002605438 0.02933114 0.002894282 0.02988874 0 0.03103458 0 0.03103458 0.002894282 0.02988874 0.003060877 0.03046816 -0.127623 0 1.55696e-5 0 -0.071294 0.04999995 -0.071294 0.04999995 1.55696e-5 0 1.55696e-5 0.1 -0.071294 0.04999995 1.55696e-5 0.1 -0.071294 0.1 -0.071294 0.1 -0.170244 0.1 -0.071294 0.04999995 -0.071294 0.04999995 -0.170244 0.1 -0.2032274 0.04999995 -0.071294 0.04999995 -0.2032274 0.04999995 -0.127623 0 -0.127623 0 -0.2032274 0.04999995 -0.2552437 0 -0.2552437 0 -0.2032274 0.04999995 -0.3351607 0.04999995 -0.2552437 0 -0.3351607 0.04999995 -0.3829057 0 -0.3829057 0 -0.3351607 0.04999995 -0.4670941 0.04999995 -0.3829057 0 -0.4670941 0.04999995 -0.5106361 0 -0.5106361 0 -0.4670941 0.04999995 -0.56673 0.04999995 -0.5106361 0 -0.56673 0.04999995 -0.6381523 0 -0.6381523 0 -0.56673 0.04999995 -0.6663658 0.04999995 -0.6381523 0 -0.6663658 0.04999995 -0.7656206 0 -0.7656206 0 -0.6663658 0.04999995 -0.7660016 0.04999995 -0.7656206 0 -0.7660016 0.04999995 -0.8656374 0.04999995 -0.8656374 0.04999995 -0.7660016 0.04999995 -0.8656374 0.1 -0.8656374 0.04999995 -0.8656374 0.1 -0.9534867 0.1 -0.170244 0.1 -0.2691941 0.1 -0.2032274 0.04999995 -0.2032274 0.04999995 -0.2691941 0.1 -0.3351607 0.04999995 -0.2691941 0.1 -0.3681441 0.1 -0.3351607 0.04999995 -0.3351607 0.04999995 -0.3681441 0.1 -0.4670941 0.04999995 -0.3681441 0.1 -0.4670941 0.1 -0.4670941 0.04999995 -0.4670941 0.04999995 -0.4670941 0.1 -0.56673 0.1 -0.4670941 0.04999995 -0.56673 0.1 -0.56673 0.04999995 -0.56673 0.04999995 -0.56673 0.1 -0.6663658 0.1 -0.56673 0.04999995 -0.6663658 0.1 -0.6663658 0.04999995 -0.6663658 0.04999995 -0.6663658 0.1 -0.7660016 0.1 -0.6663658 0.04999995 -0.7660016 0.1 -0.7660016 0.04999995 -0.7660016 0.04999995 -0.7660016 0.1 -0.8656374 0.1 -0.8656374 0.04999995 -0.9534867 0.1 -0.9534867 0.04999995 -0.9534867 0.04999995 -0.9534867 0.1 -1.041336 0.1 -0.9534867 0.04999995 -1.041336 0.1 -1.041336 0.04999995 -1.041336 0.04999995 -1.041336 0.1 -1.129185 0.1 -1.041336 0.04999995 -1.129185 0.1 -1.129185 0.04999995 -1.129185 0.04999995 -1.129185 0.1 -1.217034 0.1 -1.129185 0.04999995 -1.217034 0.1 -1.217034 0.04999995 -1.217034 0.04999995 -1.217034 0.1 -1.375995 0.1 -1.217034 0.04999995 -1.375995 0.1 -1.375995 0.04999995 -1.375995 0.04999995 -1.375995 0.1 -1.534955 0.1 -1.375995 0.04999995 -1.534955 0.1 -1.534955 0.04999995 -1.534955 0.04999995 -1.534955 0.1 -1.690947 0.1 -1.534955 0.04999995 -1.690947 0.1 -1.690947 0.04999995 -1.690947 0.04999995 -1.690947 0.1 -1.846938 0.1 -1.690947 0.04999995 -1.846938 0.1 -1.846938 0.04999995 -1.846938 0.04999995 -1.846938 0.1 -1.944433 0.1 -1.846938 0.04999995 -1.944433 0.1 -1.944433 0.04999995 -1.944433 0.04999995 -1.944433 0.1 -2.041928 0.1 -1.944433 0.04999995 -2.041928 0.1 -2.041928 0 -2.041928 0 -1.914056 0 -1.944433 0.04999995 -1.944433 0.04999995 -1.914056 0 -1.846938 0.04999995 -1.914056 0 -1.786281 0 -1.846938 0.04999995 -1.846938 0.04999995 -1.786281 0 -1.690947 0.04999995 -1.786281 0 -1.658961 0 -1.690947 0.04999995 -1.690947 0.04999995 -1.658961 0 -1.534955 0.04999995 -1.658961 0 -1.531478 0 -1.534955 0.04999995 -1.534955 0.04999995 -1.531478 0 -1.40374 0 -1.534955 0.04999995 -1.40374 0 -1.375995 0.04999995 -1.375995 0.04999995 -1.40374 0 -1.276148 0 -1.375995 0.04999995 -1.276148 0 -1.217034 0.04999995 -1.217034 0.04999995 -1.276148 0 -1.148783 0 -1.217034 0.04999995 -1.148783 0 -1.129185 0.04999995 -1.129185 0.04999995 -1.148783 0 -1.021178 0 -1.129185 0.04999995 -1.021178 0 -1.041336 0.04999995 -1.041336 0.04999995 -1.021178 0 -0.9534867 0.04999995 -1.021178 0 -0.8933185 0 -0.9534867 0.04999995 -0.9534867 0.04999995 -0.8933185 0 -0.8656374 0.04999995 -0.8933185 0 -0.7656206 0 -0.8656374 0.04999995 0.3906798 -0.04502826 0.6442967 -0.002711236 0.3974096 0.02832335 0.3974096 0.02832335 0.6442967 -0.002711236 0.6382183 0.08406651 0.3974096 0.02832335 0.6382183 0.08406651 0.3906798 0.101675 0.3906798 0.101675 0.6382183 0.08406651 0.6208308 0.1693278 0.3906798 0.101675 0.6208308 0.1693278 0.3691064 0.176707 0.3691064 0.176707 0.6208308 0.1693278 0.5923699 0.2515448 0.3691064 0.176707 0.5923699 0.2515448 0.5531628 0.3292053 0.3691064 -0.1200603 0.6220063 -0.1709755 0.3906798 -0.04502826 0.3906798 -0.04502826 0.6220063 -0.1709755 0.6403903 -0.07386612 0.3906798 -0.04502826 0.6403903 -0.07386612 0.6442967 -0.002711236 0.6220063 -0.1709755 0.3691064 -0.1200603 0.5891288 -0.2641957 0.5891288 -0.2641957 0.3691064 -0.1200603 0.3317004 -0.1922639 0.5891288 -0.2641957 0.3317004 -0.1922639 0.5426722 -0.3514467 0.5426722 -0.3514467 0.3317004 -0.1922639 0.2793406 -0.2567205 0.5426722 -0.3514467 0.2793406 -0.2567205 0.4835511 -0.4306483 0.4835511 -0.4306483 0.2793406 -0.2567205 0.4123975 -0.5002243 0.4123975 -0.5002243 0.2793406 -0.2567205 0.214884 -0.3090803 0.4123975 -0.5002243 0.214884 -0.3090803 0.3314588 -0.5581504 0.3314588 -0.5581504 0.214884 -0.3090803 0.1426804 -0.3464863 0.3314588 -0.5581504 0.1426804 -0.3464863 0.2427177 -0.6032232 0.2427177 -0.6032232 0.1426804 -0.3464863 0.1481571 -0.6342387 0.1481571 -0.6342387 0.1426804 -0.3464863 0.06764835 -0.3680597 0.1481571 -0.6342387 0.06764835 -0.3680597 0.06165677 -0.6491307 0.06165677 -0.6491307 0.06764835 -0.3680597 -0.00570327 -0.3747895 0.06165677 -0.6491307 -0.00570327 -0.3747895 -0.02606832 -0.6522482 -0.02606832 -0.6522482 -0.00570327 -0.3747895 -0.07905495 -0.3680597 -0.02606832 -0.6522482 -0.07905495 -0.3680597 -0.1134259 -0.6436412 -0.1134259 -0.6436412 -0.07905495 -0.3680597 -0.1988235 -0.6233598 -0.1988235 -0.6233598 -0.07905495 -0.3680597 -0.154087 -0.3464863 -0.1988235 -0.6233598 -0.154087 -0.3464863 -0.343308 -0.5580468 -0.343308 -0.5580468 -0.154087 -0.3464863 -0.2262906 -0.3090803 -0.343308 -0.5580468 -0.2262906 -0.3090803 -0.4677971 -0.4598429 -0.4677971 -0.4598429 -0.2262906 -0.3090803 -0.2907472 -0.2567205 -0.4677971 -0.4598429 -0.2907472 -0.2567205 -0.5631372 -0.3368536 -0.5631372 -0.3368536 -0.2907472 -0.2567205 -0.343107 -0.1922639 -0.5631372 -0.3368536 -0.343107 -0.1922639 -0.380513 -0.1200603 -0.4020864 -0.04502826 -0.648391 -0.09984397 -0.380513 -0.1200603 -0.380513 -0.1200603 -0.648391 -0.09984397 -0.626672 -0.1947994 -0.380513 -0.1200603 -0.626672 -0.1947994 -0.5631372 -0.3368536 -0.648391 -0.09984397 -0.4020864 -0.04502826 -0.6557033 -0.002711236 -0.6557033 -0.002711236 -0.4020864 -0.04502826 -0.4088162 0.02832335 -0.6557033 -0.002711236 -0.4088162 0.02832335 -0.6472983 0.1005058 -0.6472983 0.1005058 -0.4088162 0.02832335 -0.4020864 0.101675 -0.6472983 0.1005058 -0.4020864 0.101675 -0.6226295 0.2011014 -0.6226295 0.2011014 -0.4020864 0.101675 -0.380513 0.176707 -0.6226295 0.2011014 -0.380513 0.176707 -0.5825167 0.2965949 -0.5825167 0.2965949 -0.380513 0.176707 -0.343107 0.2489106 -0.5825167 0.2965949 -0.343107 0.2489106 -0.5277794 0.3845052 -0.5277794 0.3845052 -0.343107 0.2489106 -0.4568188 0.4650086 -0.4568188 0.4650086 -0.343107 0.2489106 -0.2907472 0.3133672 -0.4568188 0.4650086 -0.2907472 0.3133672 -0.3735827 0.5327762 -0.3735827 0.5327762 -0.2907472 0.3133672 -0.2262906 0.365727 -0.3735827 0.5327762 -0.2262906 0.365727 -0.2804667 0.5861624 -0.2804667 0.5861624 -0.2262906 0.365727 -0.154087 0.403133 -0.2804667 0.5861624 -0.154087 0.403133 -0.179866 0.6235214 -0.179866 0.6235214 -0.154087 0.403133 -0.07905495 0.4247064 -0.179866 0.6235214 -0.07905495 0.4247064 -0.07428562 0.6434794 -0.07428562 0.6434794 -0.07905495 0.4247064 -0.00570327 0.4314363 -0.07428562 0.6434794 -0.00570327 0.4314363 0.03316032 0.6458021 0.03316032 0.6458021 -0.00570327 0.4314363 0.06764835 0.4247064 0.03316032 0.6458021 0.06764835 0.4247064 0.13956 0.6306642 0.13956 0.6306642 0.06764835 0.4247064 0.1426804 0.403133 0.13956 0.6306642 0.1426804 0.403133 0.2420012 0.59824 0.2420012 0.59824 0.1426804 0.403133 0.214884 0.365727 0.2420012 0.59824 0.214884 0.365727 0.3350171 0.5506423 0.3350171 0.5506423 0.214884 0.365727 0.4192359 0.4887672 0.4192359 0.4887672 0.214884 0.365727 0.2793406 0.3133672 0.4192359 0.4887672 0.2793406 0.3133672 0.4926277 0.41437 0.4926277 0.41437 0.2793406 0.3133672 0.3317004 0.2489106 0.4926277 0.41437 0.3317004 0.2489106 0.5531628 0.3292053 0.5531628 0.3292053 0.3317004 0.2489106 0.3691064 0.176707 0.1418417 0 0 0 0.1416586 -0.1377226 0.1416586 -0.1377226 0 0 0.07092082 -0.1574301 0.1416586 -0.1377226 0.07092082 -0.1574301 0.1416586 -0.2754452 0.1416586 -0.2754452 0.07092082 -0.1574301 0.07092082 -0.3148602 0.1416586 -0.2754452 0.07092082 -0.3148602 0.1416586 -0.4131678 0.1416586 -0.4131678 0.07092082 -0.3148602 0.07092082 -0.4722902 0.1416586 -0.4131678 0.07092082 -0.4722902 0.1416586 -0.5508904 0.1416586 -0.5508904 0.07092082 -0.4722902 0.07092082 -0.6297203 0.1416586 -0.5508904 0.07092082 -0.6297203 0.1416586 -0.688613 0.1416586 -0.688613 0.07092082 -0.6297203 0.07092082 -0.7740313 0.1416586 -0.688613 0.07092082 -0.7740313 0.1416586 -0.8263356 0.1416586 -0.8263356 0.07092082 -0.7740313 0.07092082 -0.9183422 0.1416586 -0.8263356 0.07092082 -0.9183422 0.1416586 -0.9640582 0.1416586 -0.9640582 0.07092082 -0.9183422 0.07092082 -1.062653 0.1416586 -0.9640582 0.07092082 -1.062653 0.1418417 -1.101781 0.1418417 -1.101781 0.07092082 -1.062653 0.07092082 -1.206964 0.1418417 -1.101781 0.07092082 -1.206964 0.1418417 -1.239561 0.1418417 -1.239561 0.07092082 -1.206964 0.07092082 -1.351275 0.1418417 -1.239561 0.07092082 -1.351275 0.1418417 -1.377341 0.1418417 -1.377341 0.07092082 -1.351275 0.07092082 -1.495586 0.1418417 -1.377341 0.07092082 -1.495586 0.1418417 -1.515121 0.1418417 -1.515121 0.07092082 -1.495586 0.07092082 -1.639897 0.1418417 -1.515121 0.07092082 -1.639897 0.1418417 -1.652901 0.1418417 -1.652901 0.07092082 -1.639897 0.07092082 -1.784208 0.1418417 -1.652901 0.07092082 -1.784208 0.1418417 -1.790681 0.1418417 -1.790681 0.07092082 -1.784208 0.1418417 -1.928461 0.1418417 -1.928461 0.07092082 -1.784208 0.07092082 -1.994114 0.1418417 -1.928461 0.07092082 -1.994114 0.1418417 -2.066241 0.1418417 -2.066241 0.07092082 -1.994114 0.1418417 -2.204021 0.1418417 -2.204021 0.07092082 -1.994114 0 -2.06627 0.1418417 -2.204021 0 -2.06627 0 -2.204021 0 0 0 -0.1377513 0.07092082 -0.1574301 0.07092082 -0.1574301 0 -0.1377513 0 -0.2755026 0.07092082 -0.1574301 0 -0.2755026 0.07092082 -0.3148602 0.07092082 -0.3148602 0 -0.2755026 0 -0.413254 0.07092082 -0.3148602 0 -0.413254 0.07092082 -0.4722902 0.07092082 -0.4722902 0 -0.413254 0 -0.5510053 0.07092082 -0.4722902 0 -0.5510053 0.07092082 -0.6297203 0.07092082 -0.6297203 0 -0.5510053 0 -0.6887567 0.07092082 -0.6297203 0 -0.6887567 0.07092082 -0.7740313 0.07092082 -0.7740313 0 -0.6887567 0 -0.8265079 0.07092082 -0.7740313 0 -0.8265079 0.07092082 -0.9183422 0.07092082 -0.9183422 0 -0.8265079 0 -0.9642593 0.07092082 -0.9183422 0 -0.9642593 0.07092082 -1.062653 0.07092082 -1.062653 0 -0.9642593 0 -1.102011 0.07092082 -1.062653 0 -1.102011 0.07092082 -1.206964 0.07092082 -1.206964 0 -1.102011 0 -1.239762 0.07092082 -1.206964 0 -1.239762 0.07092082 -1.351275 0.07092082 -1.351275 0 -1.239762 0 -1.377513 0.07092082 -1.351275 0 -1.377513 0.07092082 -1.495586 0.07092082 -1.495586 0 -1.377513 0 -1.515265 0.07092082 -1.495586 0 -1.515265 0.07092082 -1.639897 0.07092082 -1.639897 0 -1.515265 0 -1.653016 0.07092082 -1.639897 0 -1.653016 0.07092082 -1.784208 0.07092082 -1.784208 0 -1.653016 0 -1.790767 0.07092082 -1.784208 0 -1.790767 0 -1.928519 0.07092082 -1.784208 0 -1.928519 0.07092082 -1.994114 0.07092082 -1.994114 0 -1.928519 0 -2.06627 3.49354e-7 23.23018 0 22.25018 0.142088 23.23017 0.142088 23.23017 0 22.25018 0.1549322 22.25018 0.142088 23.23017 0.1549322 22.25018 0.2757467 23.22977 0.2757467 23.22977 0.1549322 22.25018 0.3098643 22.25018 0.2757467 23.22977 0.3098643 22.25018 0.4040921 23.22912 0.4040921 23.22912 0.3098643 22.25018 0.4647965 22.25018 0.4040921 23.22912 0.4647965 22.25018 0.5300034 23.22823 0.5300034 23.22823 0.4647965 22.25018 0.6197286 22.25018 0.5300034 23.22823 0.6197286 22.25018 0.6561096 23.22712 0.6561096 23.22712 0.6197286 22.25018 0.7746608 22.25018 0.6561096 23.22712 0.7746608 22.25018 0.7846623 23.22582 0.7846623 23.22582 0.7746608 22.25018 0.9183025 23.22437 0.9183025 23.22437 0.7746608 22.25018 0.929593 22.25018 0.9183025 23.22437 0.929593 22.25018 1.060163 23.22269 1.060163 23.22269 0.929593 22.25018 1.084525 22.25018 1.060163 23.22269 1.084525 22.25018 1.202449 23.22109 1.202449 23.22109 1.084525 22.25018 1.239457 22.25018 1.202449 23.22109 1.239457 22.25018 1.33637 23.21949 1.33637 23.21949 1.239457 22.25018 1.349695 22.25018 1.33637 23.21949 1.349695 22.25018 1.459933 22.25018 1.459933 22.25018 1.349695 22.25018 1.459933 21.27019 1.459933 22.25018 1.459933 21.27019 1.570171 21.27019 1.570171 21.27019 1.459933 21.27019 1.570171 20.29019 1.570171 21.27019 1.570171 20.29019 1.680409 20.29019 1.680409 20.29019 1.570171 20.29019 1.680409 19.3102 1.680409 20.29019 1.680409 19.3102 1.790646 19.3102 1.790646 19.3102 1.680409 19.3102 1.680409 18.32561 1.790646 19.3102 1.680409 18.32561 1.790646 18.32531 1.790646 18.32531 1.680409 18.32561 1.680409 17.34718 1.790646 18.32531 1.680409 17.34718 1.790646 17.34698 1.790646 17.34698 1.680409 17.34718 1.680409 16.86021 1.790646 17.34698 1.680409 16.86021 1.790646 16.86021 1.790646 16.86021 1.680409 16.86021 1.790646 16.36861 1.790646 16.86021 1.790646 16.36861 1.900884 16.86021 1.900884 16.86021 1.790646 16.36861 1.900884 16.36851 1.900884 16.86021 1.900884 16.36851 2.011122 16.86021 2.011122 16.86021 1.900884 16.36851 2.011122 16.36841 2.011122 16.86021 2.011122 16.36841 2.12136 16.36832 2.12136 16.36832 2.011122 16.36841 2.011122 16.12521 2.12136 16.36832 2.011122 16.12521 2.011122 15.88021 2.011122 15.88021 2.011122 16.12521 1.900884 16.12521 2.011122 15.88021 1.900884 16.12521 1.900884 15.88021 1.900884 15.88021 1.900884 16.12521 1.790646 16.12521 1.900884 15.88021 1.790646 16.12521 1.790646 15.88021 1.790646 15.88021 1.790646 16.12521 1.680409 16.12521 1.790646 15.88021 1.680409 16.12521 1.680409 15.88021 1.680409 15.88021 1.680409 16.12521 1.570171 16.12521 1.680409 15.88021 1.570171 16.12521 1.570171 15.88021 1.570171 15.88021 1.570171 16.12521 1.459933 16.12521 1.570171 15.88021 1.459933 16.12521 1.459933 15.88021 1.459933 15.88021 1.459933 16.12521 1.349695 16.12521 1.459933 15.88021 1.349695 16.12521 1.349695 15.88021 1.349695 15.88021 1.349695 16.12521 1.239457 16.12521 1.349695 15.88021 1.239457 16.12521 1.239457 15.88021 1.239457 15.88021 1.239457 16.12521 1.084525 16.12521 1.239457 15.88021 1.084525 16.12521 1.084525 15.88021 1.084525 15.88021 1.084525 16.12521 0.929593 16.12521 1.084525 15.88021 0.929593 16.12521 0.929593 15.88021 0.929593 15.88021 0.929593 16.12521 0.7746608 16.12521 0.929593 15.88021 0.7746608 16.12521 0.7746608 15.88021 0.7746608 15.88021 0.7746608 16.12521 0.6197286 16.12521 0.7746608 15.88021 0.6197286 16.12521 0.6197286 15.88021 0.6197286 15.88021 0.6197286 16.12521 0.4647965 16.12521 0.6197286 15.88021 0.4647965 16.12521 0.4647965 15.88021 0.4647965 15.88021 0.4647965 16.12521 0.3098643 16.12521 0.4647965 15.88021 0.3098643 16.12521 0.3098643 15.88021 0.3098643 15.88021 0.3098643 16.12521 0.1549322 16.12521 0.3098643 15.88021 0.1549322 16.12521 0.1549322 15.88021 0.1549322 15.88021 0.1549322 16.12521 0.1325849 15.39021 0.1549322 15.88021 0.1325849 15.39021 0.1549322 15.63521 0.1549322 15.63521 0.1325849 15.39021 0.26517 15.39021 0.1549322 15.63521 0.26517 15.39021 0.3098643 15.63521 0.3098643 15.63521 0.26517 15.39021 0.397755 15.39021 0.3098643 15.63521 0.397755 15.39021 0.4647965 15.63521 0.4647965 15.63521 0.397755 15.39021 0.53034 15.39021 0.4647965 15.63521 0.53034 15.39021 0.6197286 15.63521 0.6197286 15.63521 0.53034 15.39021 0.662925 15.39021 0.6197286 15.63521 0.662925 15.39021 0.7746608 15.63521 0.7746608 15.63521 0.662925 15.39021 0.7955099 15.39021 0.7746608 15.63521 0.7955099 15.39021 0.929593 15.63521 0.929593 15.63521 0.7955099 15.39021 0.928095 15.39021 0.929593 15.63521 0.928095 15.39021 1.06068 15.39021 0.1549322 22.25018 0 22.25018 0.1549322 21.27019 0.1549322 21.27019 0 22.25018 0 21.27019 0.1549322 21.27019 0 21.27019 0.1549322 20.29019 0.1549322 20.29019 0 21.27019 0 20.29019 0.1549322 20.29019 0 20.29019 0.1549322 19.3102 0.1549322 19.3102 0 20.29019 0 19.3102 0.1549322 19.3102 0 19.3102 0 18.3302 0.1549322 19.3102 0 18.3302 0.1549322 18.32978 0.1549322 18.32978 0 18.3302 0 17.3502 0.1549322 18.32978 0 17.3502 0.1549322 17.34992 0.1549322 17.34992 0 17.3502 0.1549322 16.86021 0.1549322 17.34992 0.1549322 16.86021 0.3098643 17.34965 0.3098643 17.34965 0.1549322 16.86021 0.3098643 16.86021 0.3098643 17.34965 0.3098643 16.86021 0.4647965 17.34937 0.4647965 17.34937 0.3098643 16.86021 0.4647965 16.86021 0.4647965 17.34937 0.4647965 16.86021 0.6197286 17.34909 0.6197286 17.34909 0.4647965 16.86021 0.6197286 16.86021 0.6197286 17.34909 0.6197286 16.86021 0.7746608 17.34881 0.7746608 17.34881 0.6197286 16.86021 0.7746608 16.86021 0.7746608 17.34881 0.7746608 16.86021 0.929593 17.34853 0.929593 17.34853 0.7746608 16.86021 0.929593 16.86021 0.929593 17.34853 0.929593 16.86021 1.084525 17.34825 1.084525 17.34825 0.929593 16.86021 1.084525 16.86021 1.084525 17.34825 1.084525 16.86021 1.239457 17.34797 1.239457 17.34797 1.084525 16.86021 1.239457 16.86021 1.239457 17.34797 1.239457 16.86021 1.349695 17.34777 1.349695 17.34777 1.239457 16.86021 1.349695 16.86021 1.349695 17.34777 1.349695 16.86021 1.459933 17.34757 1.459933 17.34757 1.349695 16.86021 1.459933 16.86021 1.459933 17.34757 1.459933 16.86021 1.570171 17.34737 1.570171 17.34737 1.459933 16.86021 1.570171 16.86021 1.570171 17.34737 1.570171 16.86021 1.680409 17.34718 1.680409 17.34718 1.570171 16.86021 1.680409 16.86021 0 17.3502 0 16.37021 0.1549322 16.86021 0.1549322 16.86021 0 16.37021 0.1549322 16.37007 0.1549322 16.86021 0.1549322 16.37007 0.3098643 16.86021 0.3098643 16.86021 0.1549322 16.37007 0.3098643 16.36993 0.3098643 16.86021 0.3098643 16.36993 0.4647965 16.86021 0.4647965 16.86021 0.3098643 16.36993 0.4647965 16.36979 0.4647965 16.86021 0.4647965 16.36979 0.6197286 16.86021 0.6197286 16.86021 0.4647965 16.36979 0.6197286 16.36966 0.6197286 16.86021 0.6197286 16.36966 0.7746608 16.86021 0.7746608 16.86021 0.6197286 16.36966 0.7746608 16.36952 0.7746608 16.86021 0.7746608 16.36952 0.929593 16.86021 0.929593 16.86021 0.7746608 16.36952 0.929593 16.36938 0.929593 16.86021 0.929593 16.36938 1.084525 16.86021 1.084525 16.86021 0.929593 16.36938 1.084525 16.36924 1.084525 16.86021 1.084525 16.36924 1.239457 16.86021 1.239457 16.86021 1.084525 16.36924 1.239457 16.3691 1.239457 16.86021 1.239457 16.3691 1.349695 16.369 1.349695 16.369 1.239457 16.3691 1.239457 16.12521 1.349695 16.369 1.239457 16.12521 1.349695 16.12521 0.1549322 16.37007 0 16.37021 0.1549322 16.12521 0.1549322 16.12521 0 16.37021 0 15.39021 0.1549322 16.12521 0 15.39021 0.1325849 15.39021 0.929593 15.63521 1.06068 15.39021 1.084525 15.63521 1.084525 15.63521 1.06068 15.39021 1.193265 15.39021 1.084525 15.63521 1.193265 15.39021 1.239457 15.63521 1.239457 15.63521 1.193265 15.39021 1.32585 15.39021 1.239457 15.63521 1.32585 15.39021 1.349695 15.63521 1.349695 15.63521 1.32585 15.39021 1.458435 15.39021 1.349695 15.63521 1.458435 15.39021 1.459933 15.63521 1.459933 15.63521 1.458435 15.39021 1.570171 15.63521 1.459933 15.63521 1.570171 15.63521 1.459933 15.88021 1.459933 15.88021 1.570171 15.63521 1.570171 15.88021 1.458435 15.39021 1.59102 15.39021 1.570171 15.63521 1.570171 15.63521 1.59102 15.39021 1.680409 15.63521 1.570171 15.63521 1.680409 15.63521 1.570171 15.88021 1.570171 15.88021 1.680409 15.63521 1.680409 15.88021 1.59102 15.39021 1.723605 15.39021 1.680409 15.63521 1.680409 15.63521 1.723605 15.39021 1.790646 15.63521 1.680409 15.63521 1.790646 15.63521 1.680409 15.88021 1.680409 15.88021 1.790646 15.63521 1.790646 15.88021 1.723605 15.39021 1.85619 15.39021 1.790646 15.63521 1.790646 15.63521 1.85619 15.39021 1.900884 15.63521 1.790646 15.63521 1.900884 15.63521 1.790646 15.88021 1.790646 15.88021 1.900884 15.63521 1.900884 15.88021 1.85619 15.39021 1.988775 15.39021 1.900884 15.63521 1.900884 15.63521 1.988775 15.39021 2.011122 15.63521 1.900884 15.63521 2.011122 15.63521 1.900884 15.88021 1.900884 15.88021 2.011122 15.63521 2.011122 15.88021 1.988775 15.39021 2.12136 15.39021 2.011122 15.63521 2.011122 15.63521 2.12136 15.39021 2.011122 15.88021 2.12136 15.39021 2.12136 16.36832 2.011122 15.88021 2.12136 16.36832 2.12136 17.34638 2.011122 16.86021 2.011122 16.86021 2.12136 17.34638 2.011122 17.34658 2.011122 16.86021 2.011122 17.34658 1.900884 16.86021 1.900884 16.86021 2.011122 17.34658 1.900884 17.34678 1.900884 16.86021 1.900884 17.34678 1.790646 16.86021 1.790646 16.86021 1.900884 17.34678 1.790646 17.34698 2.12136 17.34638 2.12136 18.32441 2.011122 17.34658 2.011122 17.34658 2.12136 18.32441 2.011122 18.32471 2.011122 17.34658 2.011122 18.32471 1.900884 17.34678 1.900884 17.34678 2.011122 18.32471 1.900884 18.32501 1.900884 17.34678 1.900884 18.32501 1.790646 17.34698 1.790646 17.34698 1.900884 18.32501 1.790646 18.32531 2.12136 18.32441 2.12136 19.30239 2.011122 18.32471 2.011122 18.32471 2.12136 19.30239 2.011122 19.3102 2.011122 18.32471 2.011122 19.3102 1.900884 18.32501 1.900884 18.32501 2.011122 19.3102 1.900884 19.3102 1.900884 18.32501 1.900884 19.3102 1.790646 18.32531 1.790646 18.32531 1.900884 19.3102 1.790646 19.3102 2.12136 19.30239 2.12136 20.28034 2.011122 19.3102 2.011122 19.3102 2.12136 20.28034 2.011122 20.29019 2.011122 19.3102 2.011122 20.29019 1.900884 20.29019 1.900884 20.29019 2.011122 20.29019 1.900884 21.27019 1.900884 20.29019 1.900884 21.27019 1.790646 21.27019 1.790646 21.27019 1.900884 21.27019 1.790646 22.25018 1.790646 21.27019 1.790646 22.25018 1.680409 22.25018 1.680409 22.25018 1.790646 22.25018 1.717077 23.21552 1.680409 22.25018 1.717077 23.21552 1.590765 23.21665 2.12136 20.28034 2.12136 21.25824 2.011122 20.29019 2.011122 20.29019 2.12136 21.25824 2.011122 21.27019 2.011122 20.29019 2.011122 21.27019 1.900884 21.27019 1.900884 21.27019 2.011122 21.27019 1.900884 22.25018 1.900884 21.27019 1.900884 22.25018 1.790646 22.25018 1.790646 22.25018 1.900884 22.25018 1.845736 23.21465 1.790646 22.25018 1.845736 23.21465 1.717077 23.21552 2.12136 21.25824 2.12136 22.23611 2.011122 21.27019 2.011122 21.27019 2.12136 22.23611 2.011122 22.25018 2.011122 21.27019 2.011122 22.25018 1.900884 22.25018 1.900884 22.25018 2.011122 22.25018 1.979286 23.21411 1.900884 22.25018 1.979286 23.21411 1.845736 23.21465 2.12136 22.23611 2.12136 23.21393 2.011122 22.25018 2.011122 22.25018 2.12136 23.21393 1.979286 23.21411 1.680409 22.25018 1.590765 23.21665 1.570171 22.25018 1.570171 22.25018 1.590765 23.21665 1.464715 23.218 1.570171 22.25018 1.464715 23.218 1.459933 22.25018 1.459933 22.25018 1.464715 23.218 1.33637 23.21949 0.3098643 16.36993 0.1549322 16.37007 0.1549322 16.12521 1.900884 16.12521 2.011122 16.12521 2.011122 16.36841 0.3098643 22.25018 0.1549322 22.25018 0.3098643 21.27019 0.3098643 21.27019 0.1549322 22.25018 0.1549322 21.27019 0.3098643 21.27019 0.1549322 21.27019 0.3098643 20.29019 0.3098643 20.29019 0.1549322 21.27019 0.1549322 20.29019 0.3098643 20.29019 0.1549322 20.29019 0.3098643 19.3102 0.3098643 19.3102 0.1549322 20.29019 0.1549322 19.3102 0.3098643 19.3102 0.1549322 19.3102 0.1549322 18.32978 0.4647965 22.25018 0.3098643 22.25018 0.4647965 21.27019 0.4647965 21.27019 0.3098643 22.25018 0.3098643 21.27019 0.4647965 21.27019 0.3098643 21.27019 0.4647965 20.29019 0.4647965 20.29019 0.3098643 21.27019 0.3098643 20.29019 0.4647965 20.29019 0.3098643 20.29019 0.4647965 19.3102 0.4647965 19.3102 0.3098643 20.29019 0.3098643 19.3102 0.4647965 19.3102 0.3098643 19.3102 0.3098643 18.32935 0.3098643 18.32935 0.3098643 19.3102 0.1549322 18.32978 0.3098643 18.32935 0.1549322 18.32978 0.1549322 17.34992 0.6197286 22.25018 0.4647965 22.25018 0.6197286 21.27019 0.6197286 21.27019 0.4647965 22.25018 0.4647965 21.27019 0.6197286 21.27019 0.4647965 21.27019 0.6197286 20.29019 0.6197286 20.29019 0.4647965 21.27019 0.4647965 20.29019 0.6197286 20.29019 0.4647965 20.29019 0.6197286 19.3102 0.6197286 19.3102 0.4647965 20.29019 0.4647965 19.3102 0.6197286 19.3102 0.4647965 19.3102 0.4647965 18.32893 0.4647965 18.32893 0.4647965 19.3102 0.3098643 18.32935 0.4647965 18.32893 0.3098643 18.32935 0.3098643 17.34965 0.3098643 17.34965 0.3098643 18.32935 0.1549322 17.34992 0.7746608 22.25018 0.6197286 22.25018 0.7746608 21.27019 0.7746608 21.27019 0.6197286 22.25018 0.6197286 21.27019 0.7746608 21.27019 0.6197286 21.27019 0.7746608 20.29019 0.7746608 20.29019 0.6197286 21.27019 0.6197286 20.29019 0.7746608 20.29019 0.6197286 20.29019 0.7746608 19.3102 0.7746608 19.3102 0.6197286 20.29019 0.6197286 19.3102 0.7746608 19.3102 0.6197286 19.3102 0.6197286 18.32851 0.6197286 18.32851 0.6197286 19.3102 0.4647965 18.32893 0.6197286 18.32851 0.4647965 18.32893 0.4647965 17.34937 0.4647965 17.34937 0.4647965 18.32893 0.3098643 17.34965 0.929593 22.25018 0.7746608 22.25018 0.929593 21.27019 0.929593 21.27019 0.7746608 22.25018 0.7746608 21.27019 0.929593 21.27019 0.7746608 21.27019 0.929593 20.29019 0.929593 20.29019 0.7746608 21.27019 0.7746608 20.29019 0.929593 20.29019 0.7746608 20.29019 0.929593 19.3102 0.929593 19.3102 0.7746608 20.29019 0.7746608 19.3102 0.929593 19.3102 0.7746608 19.3102 0.7746608 18.32808 0.7746608 18.32808 0.7746608 19.3102 0.6197286 18.32851 0.7746608 18.32808 0.6197286 18.32851 0.6197286 17.34909 0.6197286 17.34909 0.6197286 18.32851 0.4647965 17.34937 1.084525 22.25018 0.929593 22.25018 1.084525 21.27019 1.084525 21.27019 0.929593 22.25018 0.929593 21.27019 1.084525 21.27019 0.929593 21.27019 1.084525 20.29019 1.084525 20.29019 0.929593 21.27019 0.929593 20.29019 1.084525 20.29019 0.929593 20.29019 1.084525 19.3102 1.084525 19.3102 0.929593 20.29019 0.929593 19.3102 1.084525 19.3102 0.929593 19.3102 0.929593 18.32766 0.929593 18.32766 0.929593 19.3102 0.7746608 18.32808 0.929593 18.32766 0.7746608 18.32808 0.7746608 17.34881 0.7746608 17.34881 0.7746608 18.32808 0.6197286 17.34909 1.239457 22.25018 1.084525 22.25018 1.239457 21.27019 1.239457 21.27019 1.084525 22.25018 1.084525 21.27019 1.239457 21.27019 1.084525 21.27019 1.239457 20.29019 1.239457 20.29019 1.084525 21.27019 1.084525 20.29019 1.239457 20.29019 1.084525 20.29019 1.239457 19.3102 1.239457 19.3102 1.084525 20.29019 1.084525 19.3102 1.239457 19.3102 1.084525 19.3102 1.239457 18.32682 1.239457 18.32682 1.084525 19.3102 1.084525 18.32724 1.239457 18.32682 1.084525 18.32724 1.084525 17.34825 1.084525 17.34825 1.084525 18.32724 0.929593 17.34853 1.349695 22.25018 1.239457 22.25018 1.349695 21.27019 1.349695 21.27019 1.239457 22.25018 1.239457 21.27019 1.349695 21.27019 1.239457 21.27019 1.349695 20.29019 1.349695 20.29019 1.239457 21.27019 1.239457 20.29019 1.349695 20.29019 1.239457 20.29019 1.349695 19.3102 1.349695 19.3102 1.239457 20.29019 1.239457 19.3102 1.349695 19.3102 1.239457 19.3102 1.239457 18.32682 1.459933 22.25018 1.570171 21.27019 1.570171 22.25018 1.570171 22.25018 1.570171 21.27019 1.680409 21.27019 1.570171 22.25018 1.680409 21.27019 1.680409 22.25018 1.680409 22.25018 1.680409 21.27019 1.790646 21.27019 1.349695 22.25018 1.349695 21.27019 1.459933 21.27019 1.459933 21.27019 1.349695 21.27019 1.459933 20.29019 1.459933 21.27019 1.459933 20.29019 1.570171 20.29019 1.570171 20.29019 1.459933 20.29019 1.570171 19.3102 1.570171 20.29019 1.570171 19.3102 1.680409 19.3102 1.680409 19.3102 1.570171 19.3102 1.570171 18.32591 1.680409 19.3102 1.570171 18.32591 1.680409 18.32561 1.680409 18.32561 1.570171 18.32591 1.570171 17.34737 1.680409 18.32561 1.570171 17.34737 1.680409 17.34718 1.459933 20.29019 1.349695 21.27019 1.349695 20.29019 1.570171 21.27019 1.680409 20.29019 1.680409 21.27019 1.680409 21.27019 1.680409 20.29019 1.790646 20.29019 1.680409 21.27019 1.790646 20.29019 1.790646 21.27019 1.790646 21.27019 1.790646 20.29019 1.900884 20.29019 1.459933 20.29019 1.349695 20.29019 1.459933 19.3102 1.459933 19.3102 1.349695 20.29019 1.349695 19.3102 1.459933 19.3102 1.349695 19.3102 1.349695 18.32651 1.349695 18.32651 1.349695 19.3102 1.239457 18.32682 1.349695 18.32651 1.239457 18.32682 1.239457 17.34797 1.239457 17.34797 1.239457 18.32682 1.084525 17.34825 1.680409 20.29019 1.790646 19.3102 1.790646 20.29019 1.790646 20.29019 1.790646 19.3102 1.900884 19.3102 1.790646 20.29019 1.900884 19.3102 1.900884 20.29019 1.900884 20.29019 1.900884 19.3102 2.011122 19.3102 1.084525 18.32724 1.084525 19.3102 0.929593 18.32766 1.459933 20.29019 1.459933 19.3102 1.570171 19.3102 1.570171 19.3102 1.459933 19.3102 1.459933 18.32621 1.570171 19.3102 1.459933 18.32621 1.570171 18.32591 1.570171 18.32591 1.459933 18.32621 1.459933 17.34757 1.570171 18.32591 1.459933 17.34757 1.570171 17.34737 1.459933 18.32621 1.459933 19.3102 1.349695 18.32651 0.929593 17.34853 1.084525 18.32724 0.929593 18.32766 0.929593 17.34853 0.929593 18.32766 0.7746608 17.34881 1.239457 17.34797 1.349695 17.34777 1.349695 18.32651 1.349695 18.32651 1.349695 17.34777 1.459933 18.32621 1.349695 17.34777 1.459933 17.34757 1.459933 18.32621 1.239457 16.86021 1.349695 16.369 1.349695 16.86021 1.349695 16.86021 1.349695 16.369 1.459933 16.36891 1.349695 16.86021 1.459933 16.36891 1.459933 16.86021 1.459933 16.86021 1.459933 16.36891 1.570171 16.36881 1.459933 16.86021 1.570171 16.36881 1.570171 16.86021 1.570171 16.86021 1.570171 16.36881 1.680409 16.36871 1.570171 16.86021 1.680409 16.36871 1.680409 16.86021 1.680409 16.86021 1.680409 16.36871 1.790646 16.36861 0.4647965 16.36979 0.3098643 16.36993 0.3098643 16.12521 0.3098643 16.12521 0.3098643 16.36993 0.1549322 16.12521 0.6197286 16.36966 0.4647965 16.36979 0.4647965 16.12521 0.4647965 16.12521 0.4647965 16.36979 0.3098643 16.12521 0.7746608 16.36952 0.6197286 16.36966 0.6197286 16.12521 0.6197286 16.12521 0.6197286 16.36966 0.4647965 16.12521 0.929593 16.36938 0.7746608 16.36952 0.7746608 16.12521 0.7746608 16.12521 0.7746608 16.36952 0.6197286 16.12521 1.084525 16.36924 0.929593 16.36938 0.929593 16.12521 0.929593 16.12521 0.929593 16.36938 0.7746608 16.12521 1.239457 16.3691 1.084525 16.36924 1.084525 16.12521 1.084525 16.12521 1.084525 16.36924 0.929593 16.12521 1.084525 16.12521 1.239457 16.12521 1.239457 16.3691 1.459933 16.36891 1.349695 16.369 1.349695 16.12521 1.570171 16.36881 1.459933 16.36891 1.459933 16.12521 1.459933 16.12521 1.459933 16.36891 1.349695 16.12521 1.680409 16.36871 1.570171 16.36881 1.570171 16.12521 1.570171 16.12521 1.570171 16.36881 1.459933 16.12521 1.790646 16.36861 1.680409 16.36871 1.680409 16.12521 1.680409 16.12521 1.680409 16.36871 1.570171 16.12521 1.900884 16.36851 1.790646 16.36861 1.790646 16.12521 1.790646 16.12521 1.790646 16.36861 1.680409 16.12521 2.011122 16.36841 1.900884 16.36851 1.900884 16.12521 1.900884 16.12521 1.900884 16.36851 1.790646 16.12521 1.459933 15.88021 1.349695 15.88021 1.459933 15.63521 1.459933 15.63521 1.349695 15.88021 1.349695 15.63521 1.349695 15.88021 1.239457 15.88021 1.349695 15.63521 1.349695 15.63521 1.239457 15.88021 1.239457 15.63521 1.239457 15.88021 1.084525 15.88021 1.239457 15.63521 1.239457 15.63521 1.084525 15.88021 1.084525 15.63521 1.084525 15.88021 0.929593 15.88021 1.084525 15.63521 1.084525 15.63521 0.929593 15.88021 0.929593 15.63521 0.929593 15.88021 0.7746608 15.88021 0.929593 15.63521 0.929593 15.63521 0.7746608 15.88021 0.7746608 15.63521 0.7746608 15.88021 0.6197286 15.88021 0.7746608 15.63521 0.7746608 15.63521 0.6197286 15.88021 0.6197286 15.63521 0.6197286 15.88021 0.4647965 15.88021 0.6197286 15.63521 0.6197286 15.63521 0.4647965 15.88021 0.4647965 15.63521 0.1549322 15.88021 0.1549322 15.63521 0.3098643 15.63521 0.4647965 15.88021 0.3098643 15.88021 0.4647965 15.63521 0.4647965 15.63521 0.3098643 15.88021 0.3098643 15.63521 0.3098643 15.88021 0.1549322 15.88021 0.3098643 15.63521 -5 0.1325849 -5 0 -2.5 0.1136443 -2.5 0.1136443 -5 0 0 0 -2.5 0.1136443 0 0 0 0.1325849 -2.5 0.1136443 0 0.1325849 -2.5 0.2272886 -2.5 0.2272886 0 0.1325849 0 0.26517 -2.5 0.2272886 0 0.26517 -2.5 0.3409329 -2.5 0.3409329 0 0.26517 0 0.397755 -2.5 0.3409329 0 0.397755 -2.5 0.4545771 -2.5 0.4545771 0 0.397755 0 0.53034 -2.5 0.4545771 0 0.53034 -2.5 0.5682214 -2.5 0.5682214 0 0.53034 0 0.662925 -2.5 0.5682214 0 0.662925 -2.5 0.6818657 -2.5 0.6818657 0 0.662925 0 0.7955099 -2.5 0.6818657 0 0.7955099 -2.5 0.7955099 -2.5 0.7955099 0 0.7955099 -2.5 0.9091542 -2.5 0.7955099 -2.5 0.9091542 -5 0.7955099 -5 0.7955099 -2.5 0.9091542 -5 0.928095 -5 0.928095 -2.5 0.9091542 -2.5 1.06068 -5 0.928095 -2.5 1.06068 -5 1.06068 -5 1.06068 -2.5 1.06068 -5 1.193265 -5 1.193265 -2.5 1.06068 -2.5 1.212206 -5 1.193265 -2.5 1.212206 -5 1.32585 -5 1.32585 -2.5 1.212206 -2.5 1.363731 -5 1.32585 -2.5 1.363731 -5 1.458435 -5 1.458435 -2.5 1.363731 -2.5 1.515257 -5 1.458435 -2.5 1.515257 -5 1.59102 -5 1.59102 -2.5 1.515257 -2.5 1.666783 -5 1.59102 -2.5 1.666783 -5 1.723605 -5 1.723605 -2.5 1.666783 -2.5 1.818308 -5 1.723605 -2.5 1.818308 -5 1.85619 -5 1.85619 -2.5 1.818308 -2.5 1.969834 -5 1.85619 -2.5 1.969834 -5 1.988775 -5 1.988775 -2.5 1.969834 -5 2.12136 -5 2.12136 -2.5 1.969834 0 1.988775 -5 2.12136 0 1.988775 0 2.12136 0 0.7955099 0 0.928095 -2.5 0.9091542 -2.5 0.9091542 0 0.928095 -2.5 1.06068 0 0.928095 0 1.06068 -2.5 1.06068 -2.5 1.06068 0 1.06068 0 1.193265 -2.5 1.06068 0 1.193265 -2.5 1.212206 -2.5 1.212206 0 1.193265 0 1.32585 -2.5 1.212206 0 1.32585 -2.5 1.363731 -2.5 1.363731 0 1.32585 0 1.458435 -2.5 1.363731 0 1.458435 -2.5 1.515257 -2.5 1.515257 0 1.458435 0 1.59102 -2.5 1.515257 0 1.59102 -2.5 1.666783 -2.5 1.666783 0 1.59102 0 1.723605 -2.5 1.666783 0 1.723605 -2.5 1.818308 -2.5 1.818308 0 1.723605 0 1.85619 -2.5 1.818308 0 1.85619 -2.5 1.969834 -2.5 1.969834 0 1.85619 0 1.988775 -2.5 0.7955099 -5 0.7955099 -2.5 0.6818657 -2.5 0.6818657 -5 0.7955099 -5 0.662925 -2.5 0.6818657 -5 0.662925 -2.5 0.5682214 -2.5 0.5682214 -5 0.662925 -5 0.53034 -2.5 0.5682214 -5 0.53034 -2.5 0.4545771 -2.5 0.4545771 -5 0.53034 -5 0.397755 -2.5 0.4545771 -5 0.397755 -2.5 0.3409329 -2.5 0.3409329 -5 0.397755 -5 0.26517 -2.5 0.3409329 -5 0.26517 -2.5 0.2272886 -2.5 0.2272886 -5 0.26517 -5 0.1325849 -2.5 0.2272886 -5 0.1325849 -2.5 0.1136443 -2 0 0 0 -2 0.397755 -2 0.397755 0 0 -1 0.6818657 -2 0.397755 -1 0.6818657 -2 0.7955099 -2 0.7955099 -1 0.6818657 -2 1.193265 -2 1.193265 -1 0.6818657 -1 1.363731 -2 1.193265 -1 1.363731 -2 1.59102 -2 1.59102 -1 1.363731 -1 2.045597 -2 1.59102 -1 2.045597 -2 1.988775 -2 1.988775 -1 2.045597 -2 2.38653 -2 2.38653 -1 2.045597 -1 2.727463 -2 2.38653 -1 2.727463 -2 2.784285 -2 2.784285 -1 2.727463 -2 3.18204 -2 3.18204 -1 2.727463 -1 3.409328 -2 3.18204 -1 3.409328 -2 3.579795 -2 3.579795 -1 3.409328 -1 4.091194 -2 3.579795 -1 4.091194 -2 3.97755 -2 3.97755 -1 4.091194 -2 4.375305 -2 4.375305 -1 4.091194 -1 4.77306 -2 4.375305 -1 4.77306 -2 4.77306 -2 4.77306 -1 4.77306 -2 5.170814 -2 5.170814 -1 4.77306 -1 5.454926 -2 5.170814 -1 5.454926 -2 5.56857 -2 5.56857 -1 5.454926 -1 5.909502 -2 5.56857 -1 5.909502 -2 5.966325 -2 5.966325 -1 5.909502 -1 6.364079 -2 5.966325 -1 6.364079 -2 6.364079 -2 6.364079 -1 6.364079 -2 6.761835 -2 6.761835 -1 6.364079 -1 6.818657 -2 6.761835 -1 6.818657 -2 7.15959 -2 7.15959 -1 6.818657 -1 7.273234 -2 7.15959 -1 7.273234 -2 7.557344 -2 7.557344 -1 7.273234 -1 7.727811 -2 7.557344 -1 7.727811 -2 7.9551 -2 7.9551 -1 7.727811 -1 8.182389 -2 7.9551 -1 8.182389 -2 8.352855 -2 8.352855 -1 8.182389 -1 8.636966 -2 8.352855 -1 8.636966 -2 8.75061 -2 8.75061 -1 8.636966 -1 9.091543 -2 8.75061 -1 9.091543 -2 9.148365 -2 9.148365 -1 9.091543 -1 9.54612 -2 9.148365 -1 9.54612 -2 9.54612 -2 9.54612 -1 9.54612 -2 9.943875 -2 9.943875 -1 9.54612 -1 10.0007 -2 9.943875 -1 10.0007 -2 10.34163 -2 10.34163 -1 10.0007 -1 10.45527 -2 10.34163 -1 10.45527 -2 10.73938 -2 10.73938 -1 10.45527 -1 10.90985 -2 10.73938 -1 10.90985 -2 11.13714 -2 11.13714 -1 10.90985 -1 11.36443 -2 11.13714 -1 11.36443 -2 11.53489 -2 11.53489 -1 11.36443 -1 11.819 -2 11.53489 -1 11.819 -2 11.93265 -2 11.93265 -1 11.819 -1 12.27358 -2 11.93265 -1 12.27358 -2 12.3304 -2 12.3304 -1 12.27358 -2 12.72816 -2 12.72816 -1 12.27358 0 12.3304 -2 12.72816 0 12.3304 0 12.72816 0 0 0 0.397755 -1 0.6818657 -1 0.6818657 0 0.397755 0 0.7955099 -1 0.6818657 0 0.7955099 0 1.193265 -1 0.6818657 0 1.193265 -1 1.363731 -1 1.363731 0 1.193265 0 1.59102 -1 1.363731 0 1.59102 -1 2.045597 -1 2.045597 0 1.59102 0 1.988775 -1 2.045597 0 1.988775 0 2.38653 -1 2.045597 0 2.38653 -1 2.727463 -1 2.727463 0 2.38653 0 2.784285 -1 2.727463 0 2.784285 0 3.18204 -1 2.727463 0 3.18204 -1 3.409328 -1 3.409328 0 3.18204 0 3.579795 -1 3.409328 0 3.579795 -1 4.091194 -1 4.091194 0 3.579795 0 3.97755 -1 4.091194 0 3.97755 0 4.375305 -1 4.091194 0 4.375305 -1 4.77306 -1 4.77306 0 4.375305 0 4.77306 -1 4.77306 0 4.77306 0 5.170814 -1 4.77306 0 5.170814 -1 5.454926 -1 5.454926 0 5.170814 0 5.56857 -1 5.454926 0 5.56857 -1 5.909502 -1 5.909502 0 5.56857 0 5.966325 -1 5.909502 0 5.966325 -1 6.364079 -1 6.364079 0 5.966325 0 6.364079 -1 6.364079 0 6.364079 0 6.761835 -1 6.364079 0 6.761835 -1 6.818657 -1 6.818657 0 6.761835 0 7.15959 -1 6.818657 0 7.15959 -1 7.273234 -1 7.273234 0 7.15959 0 7.557344 -1 7.273234 0 7.557344 -1 7.727811 -1 7.727811 0 7.557344 0 7.9551 -1 7.727811 0 7.9551 -1 8.182389 -1 8.182389 0 7.9551 0 8.352855 -1 8.182389 0 8.352855 -1 8.636966 -1 8.636966 0 8.352855 0 8.75061 -1 8.636966 0 8.75061 -1 9.091543 -1 9.091543 0 8.75061 0 9.148365 -1 9.091543 0 9.148365 -1 9.54612 -1 9.54612 0 9.148365 0 9.54612 -1 9.54612 0 9.54612 0 9.943875 -1 9.54612 0 9.943875 -1 10.0007 -1 10.0007 0 9.943875 0 10.34163 -1 10.0007 0 10.34163 -1 10.45527 -1 10.45527 0 10.34163 0 10.73938 -1 10.45527 0 10.73938 -1 10.90985 -1 10.90985 0 10.73938 0 11.13714 -1 10.90985 0 11.13714 -1 11.36443 -1 11.36443 0 11.13714 0 11.53489 -1 11.36443 0 11.53489 -1 11.819 -1 11.819 0 11.53489 0 11.93265 -1 11.819 0 11.93265 -1 12.27358 -1 12.27358 0 11.93265 0 12.3304 -0.737479 0.1364722 -4.5 0 -0.75 0 -0.75 0 -4.5 0 -4.481797 -0.404345 -0.75 0 -4.481797 -0.404345 -0.737479 -0.1364722 -0.737479 -0.1364722 -4.481797 -0.404345 -4.424874 -0.8188337 -0.737479 -0.1364722 -4.424874 -0.8188337 -4.326295 -1.238212 -0.737479 0.1364722 -0.6973412 0.276071 -4.5 0 -4.5 0 -0.6973412 0.276071 -4.481797 0.404345 -4.481797 0.404345 -0.6973412 0.276071 -0.6277467 0.4104073 -4.481797 0.404345 -0.6277467 0.4104073 -0.5303301 0.5303301 -0.4104073 0.6277467 -3.493589 2.836342 -0.5303301 0.5303301 -0.5303301 0.5303301 -3.493589 2.836342 -3.76648 2.462444 -0.5303301 0.5303301 -3.76648 2.462444 -3.997278 2.066826 -0.276071 0.6973412 -2.066826 3.997278 -0.4104073 0.6277467 -0.4104073 0.6277467 -2.066826 3.997278 -2.462444 3.76648 -0.4104073 0.6277467 -2.462444 3.76648 -2.836342 3.493589 -0.1364722 0.737479 -1.238212 4.326295 -0.276071 0.6973412 -0.276071 0.6973412 -1.238212 4.326295 -1.656426 4.184047 -0.276071 0.6973412 -1.656426 4.184047 -2.066826 3.997278 0 0.75 -0.404345 4.481797 -0.1364722 0.737479 -0.1364722 0.737479 -0.404345 4.481797 -0.8188337 4.424874 -0.1364722 0.737479 -0.8188337 4.424874 -1.238212 4.326295 0.1364722 0.737479 0.404345 4.481797 0 0.75 0 0.75 0.404345 4.481797 0 4.5 0 0.75 0 4.5 -0.404345 4.481797 0.276071 0.6973412 1.238212 4.326295 0.1364722 0.737479 0.1364722 0.737479 1.238212 4.326295 0.8188337 4.424874 0.1364722 0.737479 0.8188337 4.424874 0.404345 4.481797 0.4104073 0.6277467 2.066826 3.997278 0.276071 0.6973412 0.276071 0.6973412 2.066826 3.997278 1.656426 4.184047 0.276071 0.6973412 1.656426 4.184047 1.238212 4.326295 0.5303301 0.5303301 2.836342 3.493589 0.4104073 0.6277467 0.4104073 0.6277467 2.836342 3.493589 2.462444 3.76648 0.4104073 0.6277467 2.462444 3.76648 2.066826 3.997278 0.6277467 0.4104073 3.493589 2.836342 0.5303301 0.5303301 0.5303301 0.5303301 3.493589 2.836342 3.181981 3.181981 0.5303301 0.5303301 3.181981 3.181981 2.836342 3.493589 0.6973412 0.276071 3.997278 2.066826 0.6277467 0.4104073 0.6277467 0.4104073 3.997278 2.066826 3.76648 2.462444 0.6277467 0.4104073 3.76648 2.462444 3.493589 2.836342 0.737479 0.1364722 4.326295 1.238212 0.6973412 0.276071 0.6973412 0.276071 4.326295 1.238212 4.184047 1.656426 0.6973412 0.276071 4.184047 1.656426 3.997278 2.066826 0.75 0 4.481797 0.404345 0.737479 0.1364722 0.737479 0.1364722 4.481797 0.404345 4.424874 0.8188337 0.737479 0.1364722 4.424874 0.8188337 4.326295 1.238212 0.737479 -0.1364722 4.481797 -0.404345 0.75 0 0.75 0 4.481797 -0.404345 4.5 0 0.75 0 4.5 0 4.481797 0.404345 4.481797 -0.404345 0.737479 -0.1364722 4.424874 -0.8188337 4.424874 -0.8188337 0.737479 -0.1364722 0.6973412 -0.276071 4.424874 -0.8188337 0.6973412 -0.276071 0.6277467 -0.4104073 0.6277467 -0.4104073 0.5303301 -0.5303301 4.424874 -0.8188337 4.424874 -0.8188337 0.5303301 -0.5303301 0.4104073 -0.6277467 4.424874 -0.8188337 0.4104073 -0.6277467 0.276071 -0.6973412 0.276071 -0.6973412 0.1364722 -0.737479 4.424874 -0.8188337 4.424874 -0.8188337 0.1364722 -0.737479 0 -0.75 4.424874 -0.8188337 0 -0.75 4.326295 -1.238212 4.326295 -1.238212 0 -0.75 4.184047 -1.656426 4.184047 -1.656426 0 -0.75 3.997278 -2.066826 3.997278 -2.066826 0 -0.75 3.76648 -2.462444 3.76648 -2.462444 0 -0.75 3.493589 -2.836342 3.493589 -2.836342 0 -0.75 3.181981 -3.181981 3.181981 -3.181981 0 -0.75 2.836342 -3.493589 2.836342 -3.493589 0 -0.75 2.462444 -3.76648 2.462444 -3.76648 0 -0.75 2.066826 -3.997278 2.066826 -3.997278 0 -0.75 1.656426 -4.184047 1.656426 -4.184047 0 -0.75 1.238212 -4.326295 1.238212 -4.326295 0 -0.75 0.8188337 -4.424874 0.8188337 -4.424874 0 -0.75 0.404345 -4.481797 0.404345 -4.481797 0 -0.75 0 -4.5 0 -4.5 0 -0.75 -0.404345 -4.481797 -0.404345 -4.481797 0 -0.75 -0.1364722 -0.737479 -0.404345 -4.481797 -0.1364722 -0.737479 -0.8188337 -4.424874 -0.8188337 -4.424874 -0.1364722 -0.737479 -1.238212 -4.326295 -1.238212 -4.326295 -0.1364722 -0.737479 -0.276071 -0.6973412 -1.238212 -4.326295 -0.276071 -0.6973412 -1.656426 -4.184047 -1.656426 -4.184047 -0.276071 -0.6973412 -2.066826 -3.997278 -2.066826 -3.997278 -0.276071 -0.6973412 -0.4104073 -0.6277467 -2.066826 -3.997278 -0.4104073 -0.6277467 -2.462444 -3.76648 -2.462444 -3.76648 -0.4104073 -0.6277467 -2.836342 -3.493589 -2.836342 -3.493589 -0.4104073 -0.6277467 -0.5303301 -0.5303301 -2.836342 -3.493589 -0.5303301 -0.5303301 -3.181981 -3.181981 -3.181981 -3.181981 -0.5303301 -0.5303301 -3.493589 -2.836342 -3.493589 -2.836342 -0.5303301 -0.5303301 -0.6277467 -0.4104073 -3.493589 -2.836342 -0.6277467 -0.4104073 -3.76648 -2.462444 -3.76648 -2.462444 -0.6277467 -0.4104073 -3.997278 -2.066826 -3.997278 -2.066826 -0.6277467 -0.4104073 -0.6973412 -0.276071 -3.997278 -2.066826 -0.6973412 -0.276071 -4.184047 -1.656426 -4.184047 -1.656426 -0.6973412 -0.276071 -4.326295 -1.238212 -4.326295 -1.238212 -0.6973412 -0.276071 -0.737479 -0.1364722 -2.836342 3.493589 -3.181981 3.181981 -0.4104073 0.6277467 -0.4104073 0.6277467 -3.181981 3.181981 -3.493589 2.836342 -3.997278 2.066826 -4.184047 1.656426 -0.5303301 0.5303301 -0.5303301 0.5303301 -4.184047 1.656426 -4.326295 1.238212 -0.5303301 0.5303301 -4.326295 1.238212 -4.424874 0.8188337 -4.424874 0.8188337 -4.481797 0.404345 -0.5303301 0.5303301 -4.481797 0.404345 -4.5 0 0 0 0 0 -4.5 0 -4.481797 -0.404345 0 0 -4.481797 -0.404345 -4.424874 -0.8188337 -4.424874 -0.8188337 -4.326295 -1.238212 0 0 0 0 -4.326295 -1.238212 -4.184047 -1.656426 0 0 -4.184047 -1.656426 -3.997278 -2.066826 -3.997278 -2.066826 -3.76648 -2.462444 0 0 0 0 -3.76648 -2.462444 -3.493589 -2.836342 0 0 -3.493589 -2.836342 -3.181981 -3.181981 -3.181981 -3.181981 -2.836342 -3.493589 0 0 0 0 -2.836342 -3.493589 -2.462444 -3.76648 0 0 -2.462444 -3.76648 -2.066826 -3.997278 -2.066826 -3.997278 -1.656426 -4.184047 0 0 0 0 -1.656426 -4.184047 -1.238212 -4.326295 0 0 -1.238212 -4.326295 -0.8188337 -4.424874 -0.8188337 -4.424874 -0.404345 -4.481797 0 0 0 0 -0.404345 -4.481797 0 -4.5 0 0 0 -4.5 0.404345 -4.481797 0.404345 -4.481797 0.8188337 -4.424874 0 0 0 0 0.8188337 -4.424874 1.238212 -4.326295 0 0 1.238212 -4.326295 1.656426 -4.184047 1.656426 -4.184047 2.066826 -3.997278 0 0 0 0 2.066826 -3.997278 2.462444 -3.76648 0 0 2.462444 -3.76648 2.836342 -3.493589 2.836342 -3.493589 3.181981 -3.181981 0 0 0 0 3.181981 -3.181981 3.493589 -2.836342 0 0 3.493589 -2.836342 3.76648 -2.462444 3.76648 -2.462444 3.997278 -2.066826 0 0 0 0 3.997278 -2.066826 4.184047 -1.656426 0 0 4.184047 -1.656426 4.326295 -1.238212 4.326295 -1.238212 4.424874 -0.8188337 0 0 0 0 4.424874 -0.8188337 4.481797 -0.404345 0 0 4.481797 -0.404345 4.5 0 4.5 0 4.481797 0.404345 0 0 0 0 4.481797 0.404345 4.424874 0.8188337 0 0 4.424874 0.8188337 4.326295 1.238212 4.326295 1.238212 4.184047 1.656426 0 0 0 0 4.184047 1.656426 3.997278 2.066826 0 0 3.997278 2.066826 3.76648 2.462444 3.76648 2.462444 3.493589 2.836342 0 0 0 0 3.493589 2.836342 3.181981 3.181981 0 0 3.181981 3.181981 2.836342 3.493589 2.836342 3.493589 2.462444 3.76648 0 0 0 0 2.462444 3.76648 2.066826 3.997278 0 0 2.066826 3.997278 1.656426 4.184047 1.656426 4.184047 1.238212 4.326295 0 0 0 0 1.238212 4.326295 0.8188337 4.424874 0 0 0.8188337 4.424874 0.404345 4.481797 0.404345 4.481797 0 4.5 0 0 0 0 0 4.5 -0.404345 4.481797 0 0 -0.404345 4.481797 -0.8188337 4.424874 -0.8188337 4.424874 -1.238212 4.326295 0 0 0 0 -1.238212 4.326295 -1.656426 4.184047 0 0 -1.656426 4.184047 -2.066826 3.997278 -2.066826 3.997278 -2.462444 3.76648 0 0 0 0 -2.462444 3.76648 -2.836342 3.493589 0 0 -2.836342 3.493589 -3.181981 3.181981 -3.181981 3.181981 -3.493589 2.836342 0 0 0 0 -3.493589 2.836342 -3.76648 2.462444 0 0 -3.76648 2.462444 -3.997278 2.066826 -3.997278 2.066826 -4.184047 1.656426 0 0 0 0 -4.184047 1.656426 -4.326295 1.238212 0 0 -4.326295 1.238212 -4.424874 0.8188337 -4.424874 0.8188337 -4.481797 0.404345 0 0</float_array>
          <technique_common>
            <accessor source="#Body1-mesh-map-0-array" count="5274" stride="2">
              <param name="S" type="float"/>
              <param name="T" type="float"/>
            </accessor>
          </technique_common>
        </source>
        <vertices id="Body1-mesh-vertices">
          <input semantic="POSITION" source="#Body1-mesh-positions"/>
        </vertices>
        <triangles material="Titanium_-_Polished-material" count="1758">
          <input semantic="VERTEX" source="#Body1-mesh-vertices" offset="0"/>
          <input semantic="NORMAL" source="#Body1-mesh-normals" offset="1"/>
          <input semantic="TEXCOORD" source="#Body1-mesh-map-0" offset="2" set="0"/>
          <p>0 0 0 1 1 1 65 2 2 65 2 3 1 1 4 66 3 5 65 2 6 66 3 7 64 4 8 64 4 9 66 3 10 67 5 11 64 4 12 67 5 13 63 6 14 63 6 15 67 5 16 68 7 17 63 6 18 68 7 19 62 8 20 62 8 21 68 7 22 69 9 23 62 8 24 69 9 25 61 10 26 61 10 27 69 9 28 70 11 29 61 10 30 70 11 31 60 12 32 60 12 33 70 11 34 71 13 35 60 12 36 71 13 37 59 14 38 59 14 39 71 13 40 72 15 41 59 14 42 72 15 43 58 16 44 58 16 45 72 15 46 57 17 47 57 17 48 72 15 49 73 18 50 57 17 51 73 18 52 56 19 53 56 19 54 73 18 55 74 20 56 56 19 57 74 20 58 55 21 59 55 21 60 74 20 61 75 22 62 55 21 63 75 22 64 54 23 65 54 23 66 75 22 67 76 24 68 54 23 69 76 24 70 53 25 71 53 25 72 76 24 73 77 26 74 53 25 75 77 26 76 52 27 77 52 27 78 77 26 79 78 28 80 52 27 81 78 28 82 51 29 83 51 29 84 78 28 85 79 30 86 51 29 87 79 30 88 50 31 89 50 31 90 79 30 91 49 32 92 49 32 93 79 30 94 80 33 95 49 32 96 80 33 97 48 34 98 48 34 99 80 33 100 81 35 101 48 34 102 81 35 103 47 36 104 47 36 105 81 35 106 82 37 107 47 36 108 82 37 109 46 38 110 46 38 111 82 37 112 45 39 113 45 39 114 82 37 115 83 40 116 45 39 117 83 40 118 44 41 119 44 41 120 83 40 121 43 42 122 43 42 123 83 40 124 84 43 125 43 42 126 84 43 127 42 44 128 42 44 129 84 43 130 85 45 131 42 44 132 85 45 133 41 46 134 41 46 135 85 45 136 40 47 137 40 47 138 85 45 139 86 48 140 40 47 141 86 48 142 39 49 143 39 49 144 86 48 145 38 50 146 38 50 147 86 48 148 87 51 149 38 50 150 87 51 151 37 52 152 37 52 153 87 51 154 88 53 155 37 52 156 88 53 157 36 54 158 36 54 159 88 53 160 35 55 161 35 55 162 88 53 163 34 56 164 34 56 165 88 53 166 32 57 167 34 56 168 32 57 169 33 58 170 1 1 171 2 59 172 66 3 173 66 3 174 2 59 175 3 60 176 66 3 177 3 60 178 67 5 179 67 5 180 3 60 181 4 61 182 67 5 183 4 61 184 68 7 185 68 7 186 4 61 187 5 62 188 68 7 189 5 62 190 69 9 191 69 9 192 5 62 193 6 63 194 69 9 195 6 63 196 70 11 197 70 11 198 6 63 199 7 64 200 70 11 201 7 64 202 71 13 203 71 13 204 7 64 205 8 65 206 71 13 207 8 65 208 72 15 209 72 15 210 8 65 211 9 16 212 72 15 213 9 16 214 10 66 215 72 15 216 10 66 217 73 18 218 73 18 219 10 66 220 11 67 221 73 18 222 11 67 223 74 20 224 74 20 225 11 67 226 12 68 227 74 20 228 12 68 229 75 22 230 75 22 231 12 68 232 13 69 233 75 22 234 13 69 235 76 24 236 76 24 237 13 69 238 14 70 239 76 24 240 14 70 241 77 26 242 77 26 243 14 70 244 15 71 245 77 26 246 15 71 247 78 28 248 78 28 249 15 71 250 16 72 251 78 28 252 16 72 253 79 30 254 79 30 255 16 72 256 17 73 257 79 30 258 17 73 259 18 74 260 79 30 261 18 74 262 80 33 263 80 33 264 18 74 265 19 75 266 80 33 267 19 75 268 81 35 269 81 35 270 19 75 271 20 76 272 81 35 273 20 76 274 82 37 275 82 37 276 20 76 277 21 77 278 82 37 279 21 77 280 22 78 281 82 37 282 22 78 283 83 40 284 83 40 285 22 78 286 23 79 287 83 40 288 23 79 289 24 80 290 83 40 291 24 80 292 84 43 293 84 43 294 24 80 295 25 81 296 84 43 297 25 81 298 85 45 299 85 45 300 25 81 301 26 82 302 85 45 303 26 82 304 27 83 305 85 45 306 27 83 307 86 48 308 86 48 309 27 83 310 28 84 311 86 48 312 28 84 313 29 85 314 86 48 315 29 85 316 87 51 317 87 51 318 29 85 319 30 86 320 87 51 321 30 86 322 88 53 323 88 53 324 30 86 325 31 87 326 88 53 327 31 87 328 32 57 329 89 88 330 90 89 331 122 90 332 122 90 333 90 89 334 123 91 335 122 90 336 123 91 337 121 92 338 121 92 339 123 91 340 124 93 341 121 92 342 124 93 343 120 94 344 120 94 345 124 93 346 125 95 347 120 94 348 125 95 349 119 96 350 119 96 351 125 95 352 126 97 353 119 96 354 126 97 355 118 98 356 118 98 357 126 97 358 127 99 359 118 98 360 127 99 361 117 100 362 117 100 363 127 99 364 128 101 365 117 100 366 128 101 367 116 102 368 116 102 369 128 101 370 129 103 371 116 102 372 129 103 373 115 104 374 115 104 375 129 103 376 114 105 377 114 105 378 129 103 379 130 106 380 114 105 381 130 106 382 113 107 383 113 107 384 130 106 385 131 108 386 113 107 387 131 108 388 132 109 389 132 109 390 131 108 391 100 110 392 132 109 393 100 110 394 101 111 395 90 89 396 91 112 397 123 91 398 123 91 399 91 112 400 92 113 401 123 91 402 92 113 403 124 93 404 124 93 405 92 113 406 93 114 407 124 93 408 93 114 409 125 95 410 125 95 411 93 114 412 94 115 413 125 95 414 94 115 415 126 97 416 126 97 417 94 115 418 95 116 419 126 97 420 95 116 421 127 99 422 127 99 423 95 116 424 96 117 425 127 99 426 96 117 427 128 101 428 128 101 429 96 117 430 97 118 431 128 101 432 97 118 433 129 103 434 129 103 435 97 118 436 98 119 437 129 103 438 98 119 439 99 120 440 129 103 441 99 120 442 130 106 443 130 106 444 99 120 445 100 110 446 130 106 447 100 110 448 131 108 449 132 109 450 101 111 451 133 121 452 133 121 453 101 111 454 102 122 455 133 121 456 102 122 457 134 123 458 134 123 459 102 122 460 103 124 461 134 123 462 103 124 463 135 125 464 135 125 465 103 124 466 104 126 467 135 125 468 104 126 469 136 127 470 136 127 471 104 126 472 105 128 473 136 127 474 105 128 475 137 129 476 137 129 477 105 128 478 106 130 479 137 129 480 106 130 481 107 131 482 107 131 483 108 132 484 137 129 485 137 129 486 108 132 487 136 127 488 108 132 489 109 133 490 136 127 491 136 127 492 109 133 493 135 125 494 109 133 495 110 134 496 135 125 497 135 125 498 110 134 499 134 123 500 110 134 501 111 135 502 134 123 503 134 123 504 111 135 505 133 121 506 111 135 507 112 136 508 133 121 509 133 121 510 112 136 511 132 109 512 112 136 513 113 107 514 132 109 515 139 137 516 178 138 517 138 139 518 138 139 519 178 138 520 179 140 521 138 139 522 179 140 523 176 141 524 176 141 525 179 140 526 180 142 527 176 141 528 180 142 529 175 143 530 175 143 531 180 142 532 181 144 533 175 143 534 181 144 535 174 145 536 174 145 537 181 144 538 182 146 539 174 145 540 182 146 541 173 147 542 173 147 543 182 146 544 183 148 545 173 147 546 183 148 547 172 149 548 172 149 549 183 148 550 184 150 551 172 149 552 184 150 553 185 151 554 185 151 555 184 150 556 336 152 557 185 151 558 336 152 559 335 153 560 335 153 561 336 152 562 321 154 563 335 153 564 321 154 565 320 155 566 320 155 567 321 154 568 215 156 569 320 155 570 215 156 571 214 157 572 214 157 573 215 156 574 203 158 575 214 157 576 203 158 577 204 159 578 204 159 579 203 158 580 243 160 581 204 159 582 243 160 583 242 161 584 242 161 585 243 160 586 235 162 587 242 161 588 235 162 589 236 163 590 236 163 591 235 162 592 266 164 593 236 163 594 266 164 595 267 165 596 267 165 597 266 164 598 282 166 599 267 165 600 282 166 601 283 167 602 283 167 603 282 166 604 298 168 605 283 167 606 298 168 607 164 169 608 164 169 609 298 168 610 163 170 611 163 170 612 298 168 613 313 171 614 163 170 615 313 171 616 162 172 617 162 172 618 313 171 619 161 173 620 161 173 621 313 171 622 312 174 623 161 173 624 312 174 625 160 175 626 160 175 627 312 174 628 311 176 629 160 175 630 311 176 631 159 177 632 159 177 633 311 176 634 310 178 635 159 177 636 310 178 637 158 179 638 158 179 639 310 178 640 157 180 641 157 180 642 310 178 643 309 181 644 157 180 645 309 181 646 156 182 647 156 182 648 309 181 649 308 183 650 156 182 651 308 183 652 155 184 653 155 184 654 308 183 655 154 185 656 154 185 657 308 183 658 307 186 659 154 185 660 307 186 661 153 187 662 153 187 663 307 186 664 306 188 665 153 187 666 306 188 667 152 189 668 152 189 669 306 188 670 305 190 671 152 189 672 305 190 673 304 191 674 304 191 675 305 190 676 289 192 677 304 191 678 289 192 679 288 193 680 288 193 681 289 192 682 273 194 683 288 193 684 273 194 685 272 195 686 272 195 687 273 194 688 257 196 689 272 195 690 257 196 691 256 197 692 256 197 693 257 196 694 226 198 695 256 197 696 226 198 697 225 199 698 225 199 699 226 198 700 252 200 701 225 199 702 252 200 703 253 201 704 253 201 705 252 200 706 194 202 707 253 201 708 194 202 709 140 203 710 140 203 711 194 202 712 139 137 713 139 137 714 194 202 715 223 204 716 139 137 717 223 204 718 328 205 719 328 205 720 223 204 721 222 206 722 328 205 723 222 206 724 327 207 725 327 207 726 222 206 727 221 208 728 327 207 729 221 208 730 326 209 731 326 209 732 221 208 733 220 210 734 326 209 735 220 210 736 325 211 737 325 211 738 220 210 739 219 212 740 325 211 741 219 212 742 324 213 743 324 213 744 219 212 745 218 214 746 324 213 747 218 214 748 323 215 749 323 215 750 218 214 751 217 216 752 323 215 753 217 216 754 322 217 755 322 217 756 217 216 757 216 218 758 322 217 759 216 218 760 321 154 761 321 154 762 216 218 763 215 156 764 253 201 765 140 203 766 224 219 767 224 219 768 140 203 769 141 220 770 224 219 771 141 220 772 254 221 773 254 221 774 141 220 775 142 222 776 254 221 777 142 222 778 269 223 779 269 223 780 142 222 781 143 224 782 269 223 783 143 224 784 284 225 785 284 225 786 143 224 787 144 226 788 284 225 789 144 226 790 299 227 791 299 227 792 144 226 793 145 228 794 299 227 795 145 228 796 146 229 797 146 229 798 147 230 799 299 227 800 299 227 801 147 230 802 300 231 803 299 227 804 300 231 805 284 225 806 284 225 807 300 231 808 285 232 809 284 225 810 285 232 811 269 223 812 269 223 813 285 232 814 270 233 815 269 223 816 270 233 817 254 221 818 254 221 819 270 233 820 255 234 821 254 221 822 255 234 823 224 219 824 224 219 825 255 234 826 225 199 827 224 219 828 225 199 829 253 201 830 147 230 831 148 235 832 300 231 833 300 231 834 148 235 835 301 236 836 300 231 837 301 236 838 285 232 839 285 232 840 301 236 841 286 237 842 285 232 843 286 237 844 270 233 845 270 233 846 286 237 847 271 238 848 270 233 849 271 238 850 255 234 851 255 234 852 271 238 853 256 197 854 255 234 855 256 197 856 225 199 857 148 235 858 149 239 859 301 236 860 301 236 861 149 239 862 302 240 863 301 236 864 302 240 865 286 237 866 286 237 867 302 240 868 287 241 869 286 237 870 287 241 871 271 238 872 271 238 873 287 241 874 272 195 875 271 238 876 272 195 877 256 197 878 149 239 879 150 242 880 302 240 881 302 240 882 150 242 883 303 243 884 302 240 885 303 243 886 287 241 887 287 241 888 303 243 889 288 193 890 287 241 891 288 193 892 272 195 893 150 242 894 151 244 895 303 243 896 303 243 897 151 244 898 304 191 899 303 243 900 304 191 901 288 193 902 151 244 903 152 189 904 304 191 905 164 169 906 165 245 907 283 167 908 283 167 909 165 245 910 268 246 911 283 167 912 268 246 913 267 165 914 267 165 915 268 246 916 237 247 917 267 165 918 237 247 919 236 163 920 236 163 921 237 247 922 241 248 923 236 163 924 241 248 925 242 161 926 242 161 927 241 248 928 205 249 929 242 161 930 205 249 931 204 159 932 204 159 933 205 249 934 213 250 935 204 159 936 213 250 937 214 157 938 214 157 939 213 250 940 319 251 941 214 157 942 319 251 943 320 155 944 320 155 945 319 251 946 334 252 947 320 155 948 334 252 949 335 153 950 335 153 951 334 252 952 186 253 953 335 153 954 186 253 955 185 151 956 185 151 957 186 253 958 171 254 959 185 151 960 171 254 961 172 149 962 165 245 963 166 255 964 268 246 965 268 246 966 166 255 967 238 256 968 268 246 969 238 256 970 237 247 971 237 247 972 238 256 973 240 257 974 237 247 975 240 257 976 241 248 977 241 248 978 240 257 979 206 258 980 241 248 981 206 258 982 205 249 983 205 249 984 206 258 985 212 259 986 205 249 987 212 259 988 213 250 989 213 250 990 212 259 991 318 260 992 213 250 993 318 260 994 319 251 995 319 251 996 318 260 997 333 261 998 319 251 999 333 261 1000 334 252 1001 334 252 1002 333 261 1003 187 262 1004 334 252 1005 187 262 1006 186 253 1007 186 253 1008 187 262 1009 170 263 1010 186 253 1011 170 263 1012 171 254 1013 166 255 1014 167 264 1015 238 256 1016 238 256 1017 167 264 1018 239 265 1019 238 256 1020 239 265 1021 240 257 1022 240 257 1023 239 265 1024 207 266 1025 240 257 1026 207 266 1027 206 258 1028 206 258 1029 207 266 1030 211 267 1031 206 258 1032 211 267 1033 212 259 1034 212 259 1035 211 267 1036 317 268 1037 212 259 1038 317 268 1039 318 260 1040 318 260 1041 317 268 1042 332 269 1043 318 260 1044 332 269 1045 333 261 1046 333 261 1047 332 269 1048 188 270 1049 333 261 1050 188 270 1051 187 262 1052 187 262 1053 188 270 1054 90 89 1055 187 262 1056 90 89 1057 170 263 1058 167 264 1059 168 271 1060 239 265 1061 239 265 1062 168 271 1063 208 272 1064 239 265 1065 208 272 1066 207 266 1067 207 266 1068 208 272 1069 210 273 1070 207 266 1071 210 273 1072 211 267 1073 211 267 1074 210 273 1075 316 274 1076 211 267 1077 316 274 1078 317 268 1079 317 268 1080 316 274 1081 331 275 1082 317 268 1083 331 275 1084 332 269 1085 332 269 1086 331 275 1087 189 276 1088 332 269 1089 189 276 1090 188 270 1091 188 270 1092 189 276 1093 92 113 1094 188 270 1095 92 113 1096 91 112 1097 168 271 1098 169 277 1099 208 272 1100 208 272 1101 169 277 1102 209 278 1103 208 272 1104 209 278 1105 210 273 1106 210 273 1107 209 278 1108 315 279 1109 210 273 1110 315 279 1111 316 274 1112 316 274 1113 315 279 1114 330 280 1115 316 274 1116 330 280 1117 331 275 1118 331 275 1119 330 280 1120 190 281 1121 331 275 1122 190 281 1123 189 276 1124 189 276 1125 190 281 1126 93 114 1127 189 276 1128 93 114 1129 92 113 1130 98 119 1131 177 282 1132 169 277 1133 169 277 1134 177 282 1135 314 283 1136 169 277 1137 314 283 1138 209 278 1139 209 278 1140 314 283 1141 315 279 1142 98 119 1143 97 118 1144 177 282 1145 177 282 1146 97 118 1147 193 284 1148 177 282 1149 193 284 1150 192 285 1151 192 285 1152 193 284 1153 96 117 1154 192 285 1155 96 117 1156 95 116 1157 97 118 1158 96 117 1159 193 284 1160 192 285 1161 95 116 1162 191 286 1163 191 286 1164 95 116 1165 94 115 1166 191 286 1167 94 115 1168 190 281 1169 190 281 1170 94 115 1171 93 114 1172 91 112 1173 90 89 1174 188 270 1175 139 137 1176 328 205 1177 178 138 1178 178 138 1179 328 205 1180 327 207 1181 178 138 1182 327 207 1183 341 287 1184 341 287 1185 327 207 1186 326 209 1187 341 287 1188 326 209 1189 340 288 1190 340 288 1191 326 209 1192 325 211 1193 340 288 1194 325 211 1195 339 289 1196 339 289 1197 325 211 1198 324 213 1199 339 289 1200 324 213 1201 338 290 1202 338 290 1203 324 213 1204 323 215 1205 338 290 1206 323 215 1207 337 291 1208 337 291 1209 323 215 1210 322 217 1211 337 291 1212 322 217 1213 336 152 1214 336 152 1215 322 217 1216 321 154 1217 178 138 1218 341 287 1219 179 140 1220 179 140 1221 341 287 1222 180 142 1223 341 287 1224 340 288 1225 180 142 1226 180 142 1227 340 288 1228 181 144 1229 340 288 1230 339 289 1231 181 144 1232 181 144 1233 339 289 1234 182 146 1235 339 289 1236 338 290 1237 182 146 1238 182 146 1239 338 290 1240 183 148 1241 338 290 1242 337 291 1243 183 148 1244 183 148 1245 337 291 1246 184 150 1247 337 291 1248 336 152 1249 184 150 1250 190 281 1251 330 280 1252 191 286 1253 191 286 1254 330 280 1255 329 292 1256 191 286 1257 329 292 1258 192 285 1259 192 285 1260 329 292 1261 177 282 1262 222 206 1263 223 204 1264 195 293 1265 195 293 1266 223 204 1267 194 202 1268 195 293 1269 194 202 1270 252 200 1271 221 208 1272 222 206 1273 196 294 1274 196 294 1275 222 206 1276 195 293 1277 196 294 1278 195 293 1279 251 295 1280 251 295 1281 195 293 1282 252 200 1283 251 295 1284 252 200 1285 226 198 1286 220 210 1287 221 208 1288 197 296 1289 197 296 1290 221 208 1291 196 294 1292 197 296 1293 196 294 1294 250 297 1295 250 297 1296 196 294 1297 251 295 1298 250 297 1299 251 295 1300 227 298 1301 227 298 1302 251 295 1303 226 198 1304 227 298 1305 226 198 1306 257 196 1307 219 212 1308 220 210 1309 198 299 1310 198 299 1311 220 210 1312 197 296 1313 198 299 1314 197 296 1315 249 300 1316 249 300 1317 197 296 1318 250 297 1319 249 300 1320 250 297 1321 228 301 1322 228 301 1323 250 297 1324 227 298 1325 228 301 1326 227 298 1327 258 302 1328 258 302 1329 227 298 1330 257 196 1331 258 302 1332 257 196 1333 273 194 1334 218 214 1335 219 212 1336 199 303 1337 199 303 1338 219 212 1339 198 299 1340 199 303 1341 198 299 1342 248 304 1343 248 304 1344 198 299 1345 249 300 1346 248 304 1347 249 300 1348 229 305 1349 229 305 1350 249 300 1351 228 301 1352 229 305 1353 228 301 1354 259 306 1355 259 306 1356 228 301 1357 258 302 1358 259 306 1359 258 302 1360 274 307 1361 274 307 1362 258 302 1363 273 194 1364 274 307 1365 273 194 1366 289 192 1367 217 216 1368 218 214 1369 200 308 1370 200 308 1371 218 214 1372 199 303 1373 200 308 1374 199 303 1375 247 309 1376 247 309 1377 199 303 1378 248 304 1379 247 309 1380 248 304 1381 230 310 1382 230 310 1383 248 304 1384 229 305 1385 230 310 1386 229 305 1387 260 311 1388 260 311 1389 229 305 1390 259 306 1391 260 311 1392 259 306 1393 275 312 1394 275 312 1395 259 306 1396 274 307 1397 275 312 1398 274 307 1399 290 313 1400 290 313 1401 274 307 1402 289 192 1403 290 313 1404 289 192 1405 305 190 1406 216 218 1407 217 216 1408 201 314 1409 201 314 1410 217 216 1411 200 308 1412 201 314 1413 200 308 1414 246 315 1415 246 315 1416 200 308 1417 247 309 1418 246 315 1419 247 309 1420 231 316 1421 231 316 1422 247 309 1423 230 310 1424 231 316 1425 230 310 1426 261 317 1427 261 317 1428 230 310 1429 260 311 1430 261 317 1431 260 311 1432 276 318 1433 276 318 1434 260 311 1435 275 312 1436 276 318 1437 275 312 1438 291 319 1439 291 319 1440 275 312 1441 290 313 1442 291 319 1443 290 313 1444 306 188 1445 306 188 1446 290 313 1447 305 190 1448 215 156 1449 216 218 1450 202 320 1451 202 320 1452 216 218 1453 201 314 1454 202 320 1455 201 314 1456 245 321 1457 245 321 1458 201 314 1459 246 315 1460 245 321 1461 246 315 1462 232 322 1463 232 322 1464 246 315 1465 231 316 1466 232 322 1467 231 316 1468 262 323 1469 262 323 1470 231 316 1471 261 317 1472 262 323 1473 261 317 1474 277 324 1475 277 324 1476 261 317 1477 276 318 1478 277 324 1479 276 318 1480 292 325 1481 292 325 1482 276 318 1483 291 319 1484 292 325 1485 291 319 1486 307 186 1487 307 186 1488 291 319 1489 306 188 1490 215 156 1491 202 320 1492 203 158 1493 203 158 1494 202 320 1495 244 326 1496 203 158 1497 244 326 1498 243 160 1499 243 160 1500 244 326 1501 234 327 1502 243 160 1503 234 327 1504 235 162 1505 235 162 1506 234 327 1507 265 328 1508 235 162 1509 265 328 1510 266 164 1511 266 164 1512 265 328 1513 281 329 1514 266 164 1515 281 329 1516 282 166 1517 282 166 1518 281 329 1519 297 330 1520 282 166 1521 297 330 1522 298 168 1523 298 168 1524 297 330 1525 313 171 1526 244 326 1527 202 320 1528 245 321 1529 244 326 1530 245 321 1531 233 331 1532 233 331 1533 245 321 1534 232 322 1535 233 331 1536 232 322 1537 263 332 1538 263 332 1539 232 322 1540 262 323 1541 263 332 1542 262 323 1543 278 333 1544 278 333 1545 262 323 1546 277 324 1547 278 333 1548 277 324 1549 293 334 1550 293 334 1551 277 324 1552 292 325 1553 293 334 1554 292 325 1555 308 183 1556 308 183 1557 292 325 1558 307 186 1559 244 326 1560 233 331 1561 234 327 1562 234 327 1563 233 331 1564 264 335 1565 234 327 1566 264 335 1567 265 328 1568 265 328 1569 264 335 1570 280 336 1571 265 328 1572 280 336 1573 281 329 1574 281 329 1575 280 336 1576 296 337 1577 281 329 1578 296 337 1579 297 330 1580 297 330 1581 296 337 1582 312 174 1583 297 330 1584 312 174 1585 313 171 1586 264 335 1587 233 331 1588 263 332 1589 264 335 1590 263 332 1591 279 338 1592 279 338 1593 263 332 1594 278 333 1595 279 338 1596 278 333 1597 294 339 1598 294 339 1599 278 333 1600 293 334 1601 294 339 1602 293 334 1603 309 181 1604 309 181 1605 293 334 1606 308 183 1607 264 335 1608 279 338 1609 280 336 1610 280 336 1611 279 338 1612 295 340 1613 280 336 1614 295 340 1615 296 337 1616 296 337 1617 295 340 1618 311 176 1619 296 337 1620 311 176 1621 312 174 1622 295 340 1623 279 338 1624 294 339 1625 309 181 1626 310 178 1627 294 339 1628 294 339 1629 310 178 1630 295 340 1631 310 178 1632 311 176 1633 295 340 1634 177 282 1635 329 292 1636 314 283 1637 314 283 1638 329 292 1639 315 279 1640 329 292 1641 330 280 1642 315 279 1643 342 341 1644 154 342 1645 366 343 1646 366 343 1647 154 342 1648 368 344 1649 366 343 1650 368 344 1651 365 345 1652 365 345 1653 368 344 1654 367 346 1655 365 345 1656 367 346 1657 364 347 1658 364 347 1659 367 346 1660 363 348 1661 363 348 1662 367 346 1663 369 349 1664 363 348 1665 369 349 1666 362 350 1667 362 350 1668 369 349 1669 370 351 1670 362 350 1671 370 351 1672 361 352 1673 361 352 1674 370 351 1675 371 353 1676 361 352 1677 371 353 1678 360 354 1679 360 354 1680 371 353 1681 372 355 1682 360 354 1683 372 355 1684 359 356 1685 359 356 1686 372 355 1687 373 357 1688 359 356 1689 373 357 1690 358 358 1691 358 358 1692 373 357 1693 374 359 1694 358 358 1695 374 359 1696 357 360 1697 357 360 1698 374 359 1699 375 361 1700 357 360 1701 375 361 1702 356 362 1703 356 362 1704 375 361 1705 376 363 1706 356 362 1707 376 363 1708 355 364 1709 355 364 1710 376 363 1711 377 365 1712 355 364 1713 377 365 1714 354 366 1715 354 366 1716 377 365 1717 378 367 1718 354 366 1719 378 367 1720 353 368 1721 353 368 1722 378 367 1723 379 369 1724 353 368 1725 379 369 1726 352 370 1727 352 370 1728 379 369 1729 351 371 1730 351 371 1731 379 369 1732 349 372 1733 351 371 1734 349 372 1735 350 373 1736 154 342 1737 153 374 1738 368 344 1739 368 344 1740 153 374 1741 152 375 1742 368 344 1743 152 375 1744 367 346 1745 367 346 1746 152 375 1747 151 376 1748 367 346 1749 151 376 1750 150 377 1751 367 346 1752 150 377 1753 369 349 1754 369 349 1755 150 377 1756 149 378 1757 369 349 1758 149 378 1759 370 351 1760 370 351 1761 149 378 1762 148 379 1763 370 351 1764 148 379 1765 371 353 1766 371 353 1767 148 379 1768 147 380 1769 371 353 1770 147 380 1771 372 355 1772 372 355 1773 147 380 1774 146 381 1775 372 355 1776 146 381 1777 373 357 1778 373 357 1779 146 381 1780 343 382 1781 373 357 1782 343 382 1783 374 359 1784 374 359 1785 343 382 1786 344 383 1787 374 359 1788 344 383 1789 375 361 1790 375 361 1791 344 383 1792 345 384 1793 375 361 1794 345 384 1795 376 363 1796 376 363 1797 345 384 1798 346 385 1799 376 363 1800 346 385 1801 377 365 1802 377 365 1803 346 385 1804 347 386 1805 377 365 1806 347 386 1807 378 367 1808 378 367 1809 347 386 1810 348 387 1811 378 367 1812 348 387 1813 379 369 1814 379 369 1815 348 387 1816 349 372 1817 400 388 1818 380 389 1819 401 390 1820 401 390 1821 380 389 1822 342 391 1823 401 390 1824 342 391 1825 366 392 1826 401 390 1827 366 392 1828 402 393 1829 402 393 1830 366 392 1831 365 394 1832 402 393 1833 365 394 1834 403 395 1835 403 395 1836 365 394 1837 404 396 1838 403 395 1839 404 396 1840 397 397 1841 397 397 1842 404 396 1843 405 398 1844 397 397 1845 405 398 1846 396 399 1847 396 399 1848 405 398 1849 406 400 1850 396 399 1851 406 400 1852 395 401 1853 395 401 1854 406 400 1855 407 402 1856 395 401 1857 407 402 1858 394 403 1859 394 403 1860 407 402 1861 408 404 1862 394 403 1863 408 404 1864 393 405 1865 393 405 1866 408 404 1867 409 406 1868 393 405 1869 409 406 1870 392 407 1871 392 407 1872 409 406 1873 410 408 1874 392 407 1875 410 408 1876 391 409 1877 391 409 1878 410 408 1879 411 410 1880 391 409 1881 411 410 1882 390 411 1883 390 411 1884 411 410 1885 412 412 1886 390 411 1887 412 412 1888 389 413 1889 389 413 1890 412 412 1891 413 414 1892 389 413 1893 413 414 1894 388 415 1895 388 415 1896 413 414 1897 414 416 1898 388 415 1899 414 416 1900 387 417 1901 387 417 1902 414 416 1903 415 418 1904 387 417 1905 415 418 1906 386 419 1907 386 419 1908 415 418 1909 416 420 1910 386 419 1911 416 420 1912 385 421 1913 385 421 1914 416 420 1915 417 422 1916 385 421 1917 417 422 1918 384 423 1919 384 423 1920 417 422 1921 418 424 1922 384 423 1923 418 424 1924 383 425 1925 383 425 1926 418 424 1927 419 426 1928 383 425 1929 419 426 1930 382 427 1931 382 427 1932 419 426 1933 381 428 1934 381 428 1935 419 426 1936 351 429 1937 351 429 1938 419 426 1939 352 430 1940 352 430 1941 419 426 1942 418 424 1943 352 430 1944 418 424 1945 353 431 1946 353 431 1947 418 424 1948 417 422 1949 353 431 1950 417 422 1951 354 432 1952 354 432 1953 417 422 1954 416 420 1955 354 432 1956 416 420 1957 355 433 1958 355 433 1959 416 420 1960 415 418 1961 355 433 1962 415 418 1963 356 434 1964 356 434 1965 415 418 1966 414 416 1967 356 434 1968 414 416 1969 413 414 1970 365 394 1971 364 435 1972 404 396 1973 404 396 1974 364 435 1975 405 398 1976 364 435 1977 363 436 1978 405 398 1979 405 398 1980 363 436 1981 406 400 1982 363 436 1983 362 437 1984 406 400 1985 406 400 1986 362 437 1987 407 402 1988 362 437 1989 361 438 1990 407 402 1991 407 402 1992 361 438 1993 408 404 1994 408 404 1995 361 438 1996 409 406 1997 409 406 1998 361 438 1999 360 439 2000 409 406 2001 360 439 2002 410 408 2003 410 408 2004 360 439 2005 359 440 2006 410 408 2007 359 440 2008 411 410 2009 411 410 2010 359 440 2011 358 441 2012 411 410 2013 358 441 2014 412 412 2015 412 412 2016 358 441 2017 357 442 2018 412 412 2019 357 442 2020 413 414 2021 413 414 2022 357 442 2023 356 434 2024 397 397 2025 398 443 2026 403 395 2027 403 395 2028 398 443 2029 402 393 2030 398 443 2031 399 444 2032 402 393 2033 402 393 2034 399 444 2035 401 390 2036 399 444 2037 400 388 2038 401 390 2039 420 445 2040 421 446 2041 461 447 2042 461 447 2043 421 446 2044 462 448 2045 461 447 2046 462 448 2047 460 449 2048 460 449 2049 462 448 2050 463 450 2051 460 449 2052 463 450 2053 459 451 2054 459 451 2055 463 450 2056 464 452 2057 459 451 2058 464 452 2059 458 453 2060 458 453 2061 464 452 2062 465 454 2063 458 453 2064 465 454 2065 457 455 2066 457 455 2067 465 454 2068 466 456 2069 457 455 2070 466 456 2071 456 457 2072 456 457 2073 466 456 2074 467 458 2075 456 457 2076 467 458 2077 455 459 2078 455 459 2079 467 458 2080 468 460 2081 455 459 2082 468 460 2083 454 461 2084 454 461 2085 468 460 2086 469 462 2087 454 461 2088 469 462 2089 453 463 2090 453 463 2091 469 462 2092 470 464 2093 453 463 2094 470 464 2095 452 465 2096 452 465 2097 470 464 2098 471 466 2099 452 465 2100 471 466 2101 451 467 2102 451 467 2103 471 466 2104 472 468 2105 451 467 2106 472 468 2107 450 469 2108 450 469 2109 472 468 2110 473 470 2111 450 469 2112 473 470 2113 449 471 2114 449 471 2115 473 470 2116 474 472 2117 449 471 2118 474 472 2119 448 473 2120 448 473 2121 474 472 2122 475 474 2123 448 473 2124 475 474 2125 447 475 2126 447 475 2127 475 474 2128 476 476 2129 447 475 2130 476 476 2131 446 477 2132 446 477 2133 476 476 2134 445 478 2135 445 478 2136 476 476 2137 444 479 2138 444 479 2139 476 476 2140 440 480 2141 444 479 2142 440 480 2143 443 481 2144 443 481 2145 440 480 2146 442 482 2147 442 482 2148 440 480 2149 441 483 2150 421 446 2151 422 484 2152 462 448 2153 462 448 2154 422 484 2155 426 485 2156 462 448 2157 426 485 2158 463 450 2159 463 450 2160 426 485 2161 427 486 2162 463 450 2163 427 486 2164 464 452 2165 464 452 2166 427 486 2167 428 487 2168 464 452 2169 428 487 2170 465 454 2171 465 454 2172 428 487 2173 429 488 2174 465 454 2175 429 488 2176 466 456 2177 466 456 2178 429 488 2179 430 489 2180 466 456 2181 430 489 2182 467 458 2183 467 458 2184 430 489 2185 431 490 2186 467 458 2187 431 490 2188 468 460 2189 468 460 2190 431 490 2191 432 491 2192 468 460 2193 432 491 2194 469 462 2195 469 462 2196 432 491 2197 433 492 2198 469 462 2199 433 492 2200 470 464 2201 470 464 2202 433 492 2203 434 493 2204 470 464 2205 434 493 2206 471 466 2207 471 466 2208 434 493 2209 435 494 2210 471 466 2211 435 494 2212 472 468 2213 472 468 2214 435 494 2215 436 495 2216 472 468 2217 436 495 2218 473 470 2219 473 470 2220 436 495 2221 437 496 2222 473 470 2223 437 496 2224 474 472 2225 474 472 2226 437 496 2227 438 497 2228 474 472 2229 438 497 2230 475 474 2231 475 474 2232 438 497 2233 439 498 2234 475 474 2235 439 498 2236 476 476 2237 476 476 2238 439 498 2239 440 480 2240 422 484 2241 423 499 2242 426 485 2243 426 485 2244 423 499 2245 424 500 2246 426 485 2247 424 500 2248 425 501 2249 425 501 2250 424 500 2251 506 502 2252 506 502 2253 424 500 2254 423 499 2255 506 502 2256 423 499 2257 422 484 2258 506 502 2259 422 484 2260 507 503 2261 507 503 2262 422 484 2263 421 446 2264 507 503 2265 421 446 2266 420 445 2267 420 445 2268 477 504 2269 507 503 2270 507 503 2271 477 504 2272 508 505 2273 507 503 2274 508 505 2275 505 506 2276 505 506 2277 508 505 2278 504 507 2279 504 507 2280 508 505 2281 509 508 2282 504 507 2283 509 508 2284 503 509 2285 503 509 2286 509 508 2287 510 510 2288 503 509 2289 510 510 2290 502 511 2291 502 511 2292 510 510 2293 511 512 2294 502 511 2295 511 512 2296 501 513 2297 501 513 2298 511 512 2299 512 514 2300 501 513 2301 512 514 2302 500 515 2303 500 515 2304 512 514 2305 513 516 2306 500 515 2307 513 516 2308 499 517 2309 499 517 2310 513 516 2311 514 518 2312 499 517 2313 514 518 2314 498 519 2315 498 519 2316 514 518 2317 515 520 2318 498 519 2319 515 520 2320 497 521 2321 497 521 2322 515 520 2323 516 522 2324 497 521 2325 516 522 2326 496 523 2327 496 523 2328 516 522 2329 517 524 2330 496 523 2331 517 524 2332 495 525 2333 495 525 2334 517 524 2335 518 526 2336 495 525 2337 518 526 2338 494 527 2339 494 527 2340 518 526 2341 519 528 2342 494 527 2343 519 528 2344 493 529 2345 493 529 2346 519 528 2347 520 530 2348 493 529 2349 520 530 2350 492 531 2351 492 531 2352 520 530 2353 521 532 2354 492 531 2355 521 532 2356 444 479 2357 444 479 2358 521 532 2359 445 478 2360 445 478 2361 521 532 2362 491 533 2363 445 478 2364 491 533 2365 446 477 2366 477 504 2367 478 534 2368 508 505 2369 508 505 2370 478 534 2371 509 508 2372 478 534 2373 479 535 2374 509 508 2375 509 508 2376 479 535 2377 510 510 2378 479 535 2379 480 536 2380 510 510 2381 510 510 2382 480 536 2383 511 512 2384 480 536 2385 481 537 2386 511 512 2387 511 512 2388 481 537 2389 512 514 2390 481 537 2391 482 538 2392 512 514 2393 512 514 2394 482 538 2395 513 516 2396 482 538 2397 483 539 2398 513 516 2399 513 516 2400 483 539 2401 514 518 2402 483 539 2403 484 540 2404 514 518 2405 514 518 2406 484 540 2407 515 520 2408 484 540 2409 485 541 2410 515 520 2411 515 520 2412 485 541 2413 516 522 2414 485 541 2415 486 542 2416 516 522 2417 516 522 2418 486 542 2419 517 524 2420 486 542 2421 487 543 2422 517 524 2423 517 524 2424 487 543 2425 518 526 2426 487 543 2427 488 544 2428 518 526 2429 518 526 2430 488 544 2431 519 528 2432 488 544 2433 489 545 2434 519 528 2435 519 528 2436 489 545 2437 520 530 2438 489 545 2439 490 546 2440 520 530 2441 520 530 2442 490 546 2443 521 532 2444 490 546 2445 491 533 2446 521 532 2447 444 479 2448 443 481 2449 492 531 2450 492 531 2451 443 481 2452 442 482 2453 492 531 2454 442 482 2455 441 483 2456 505 506 2457 506 502 2458 507 503 2459 426 547 2460 425 548 2461 522 549 2462 522 549 2463 425 548 2464 506 550 2465 522 549 2466 506 550 2467 505 551 2468 505 551 2469 504 552 2470 522 549 2471 522 549 2472 504 552 2473 503 553 2474 522 549 2475 503 553 2476 502 554 2477 502 554 2478 501 555 2479 522 549 2480 522 549 2481 501 555 2482 500 556 2483 522 549 2484 500 556 2485 499 557 2486 499 557 2487 498 558 2488 522 549 2489 522 549 2490 498 558 2491 497 559 2492 522 549 2493 497 559 2494 496 560 2495 496 560 2496 495 561 2497 522 549 2498 522 549 2499 495 561 2500 494 562 2501 522 549 2502 494 562 2503 493 563 2504 493 563 2505 492 564 2506 522 549 2507 522 549 2508 492 564 2509 441 565 2510 522 549 2511 441 565 2512 440 566 2513 440 566 2514 439 567 2515 522 549 2516 522 549 2517 439 567 2518 438 568 2519 522 549 2520 438 568 2521 437 569 2522 437 569 2523 436 570 2524 522 549 2525 522 549 2526 436 570 2527 435 571 2528 522 549 2529 435 571 2530 434 572 2531 434 572 2532 433 573 2533 522 549 2534 522 549 2535 433 573 2536 432 574 2537 522 549 2538 432 574 2539 431 575 2540 431 575 2541 430 576 2542 522 549 2543 522 549 2544 430 576 2545 429 577 2546 522 549 2547 429 577 2548 428 578 2549 428 578 2550 427 579 2551 522 549 2552 522 549 2553 427 579 2554 426 547 2555 555 580 2556 342 391 2557 556 581 2558 556 581 2559 342 391 2560 380 389 2561 556 581 2562 380 389 2563 523 582 2564 523 582 2565 524 583 2566 556 581 2567 556 581 2568 524 583 2569 557 584 2570 556 581 2571 557 584 2572 555 580 2573 555 580 2574 557 584 2575 554 585 2576 554 585 2577 557 584 2578 558 586 2579 554 585 2580 558 586 2581 553 587 2582 553 587 2583 558 586 2584 559 588 2585 553 587 2586 559 588 2587 552 589 2588 552 589 2589 559 588 2590 560 590 2591 552 589 2592 560 590 2593 551 591 2594 551 591 2595 560 590 2596 561 592 2597 551 591 2598 561 592 2599 550 593 2600 550 593 2601 561 592 2602 562 594 2603 550 593 2604 562 594 2605 563 595 2606 563 595 2607 562 594 2608 531 596 2609 563 595 2610 531 596 2611 532 597 2612 524 583 2613 525 598 2614 557 584 2615 557 584 2616 525 598 2617 558 586 2618 525 598 2619 526 599 2620 558 586 2621 558 586 2622 526 599 2623 559 588 2624 526 599 2625 527 600 2626 559 588 2627 559 588 2628 527 600 2629 528 601 2630 559 588 2631 528 601 2632 560 590 2633 560 590 2634 528 601 2635 529 602 2636 560 590 2637 529 602 2638 561 592 2639 561 592 2640 529 602 2641 530 603 2642 561 592 2643 530 603 2644 562 594 2645 562 594 2646 530 603 2647 531 596 2648 563 595 2649 532 597 2650 564 604 2651 564 604 2652 532 597 2653 533 605 2654 564 604 2655 533 605 2656 565 606 2657 565 606 2658 533 605 2659 534 607 2660 565 606 2661 534 607 2662 566 608 2663 566 608 2664 534 607 2665 535 609 2666 566 608 2667 535 609 2668 567 610 2669 567 610 2670 535 609 2671 536 611 2672 567 610 2673 536 611 2674 568 612 2675 568 612 2676 536 611 2677 537 613 2678 568 612 2679 537 613 2680 569 614 2681 569 614 2682 537 613 2683 538 615 2684 569 614 2685 538 615 2686 570 616 2687 570 616 2688 538 615 2689 539 617 2690 570 616 2691 539 617 2692 571 618 2693 571 618 2694 539 617 2695 540 619 2696 571 618 2697 540 619 2698 572 620 2699 572 620 2700 540 619 2701 381 428 2702 572 620 2703 381 428 2704 351 429 2705 351 429 2706 541 621 2707 572 620 2708 572 620 2709 541 621 2710 571 618 2711 541 621 2712 542 622 2713 571 618 2714 571 618 2715 542 622 2716 570 616 2717 542 622 2718 543 623 2719 570 616 2720 570 616 2721 543 623 2722 569 614 2723 543 623 2724 544 624 2725 569 614 2726 569 614 2727 544 624 2728 545 625 2729 569 614 2730 545 625 2731 568 612 2732 568 612 2733 545 625 2734 546 626 2735 568 612 2736 546 626 2737 567 610 2738 567 610 2739 546 626 2740 547 627 2741 567 610 2742 547 627 2743 566 608 2744 566 608 2745 547 627 2746 548 628 2747 566 608 2748 548 628 2749 565 606 2750 565 606 2751 548 628 2752 564 604 2753 548 628 2754 549 629 2755 564 604 2756 564 604 2757 549 629 2758 563 595 2759 549 629 2760 550 593 2761 563 595 2762 461 630 2763 380 631 2764 420 632 2765 420 632 2766 380 631 2767 400 633 2768 420 632 2769 400 633 2770 477 634 2771 477 634 2772 400 633 2773 399 635 2774 477 634 2775 399 635 2776 478 636 2777 478 636 2778 399 635 2779 398 637 2780 478 636 2781 398 637 2782 397 638 2783 460 639 2784 524 640 2785 461 630 2786 461 630 2787 524 640 2788 523 641 2789 461 630 2790 523 641 2791 380 631 2792 524 640 2793 460 639 2794 525 642 2795 525 642 2796 460 639 2797 459 643 2798 525 642 2799 459 643 2800 526 644 2801 526 644 2802 459 643 2803 458 645 2804 526 644 2805 458 645 2806 527 646 2807 527 646 2808 458 645 2809 528 647 2810 528 647 2811 458 645 2812 457 648 2813 528 647 2814 457 648 2815 529 649 2816 529 649 2817 457 648 2818 456 650 2819 529 649 2820 456 650 2821 530 651 2822 530 651 2823 456 650 2824 531 652 2825 531 652 2826 456 650 2827 455 653 2828 531 652 2829 455 653 2830 532 654 2831 532 654 2832 455 653 2833 454 655 2834 532 654 2835 454 655 2836 533 656 2837 533 656 2838 454 655 2839 453 657 2840 533 656 2841 453 657 2842 534 658 2843 534 658 2844 453 657 2845 535 659 2846 535 659 2847 453 657 2848 452 660 2849 535 659 2850 452 660 2851 536 661 2852 536 661 2853 452 660 2854 451 662 2855 536 661 2856 451 662 2857 537 663 2858 537 663 2859 451 662 2860 450 664 2861 537 663 2862 450 664 2863 538 665 2864 538 665 2865 450 664 2866 449 666 2867 538 665 2868 449 666 2869 448 667 2870 447 668 2871 540 669 2872 448 667 2873 448 667 2874 540 669 2875 539 670 2876 448 667 2877 539 670 2878 538 665 2879 540 669 2880 447 668 2881 381 671 2882 381 671 2883 447 668 2884 446 672 2885 381 671 2886 446 672 2887 382 673 2888 382 673 2889 446 672 2890 491 674 2891 382 673 2892 491 674 2893 383 675 2894 383 675 2895 491 674 2896 490 676 2897 383 675 2898 490 676 2899 384 677 2900 384 677 2901 490 676 2902 489 678 2903 384 677 2904 489 678 2905 385 679 2906 385 679 2907 489 678 2908 386 680 2909 386 680 2910 489 678 2911 488 681 2912 386 680 2913 488 681 2914 387 682 2915 387 682 2916 488 681 2917 487 683 2918 387 682 2919 487 683 2920 388 684 2921 388 684 2922 487 683 2923 486 685 2924 388 684 2925 486 685 2926 389 686 2927 389 686 2928 486 685 2929 485 687 2930 389 686 2931 485 687 2932 390 688 2933 390 688 2934 485 687 2935 484 689 2936 390 688 2937 484 689 2938 391 690 2939 391 690 2940 484 689 2941 483 691 2942 391 690 2943 483 691 2944 392 692 2945 392 692 2946 483 691 2947 482 693 2948 392 692 2949 482 693 2950 393 694 2951 393 694 2952 482 693 2953 481 695 2954 393 694 2955 481 695 2956 394 696 2957 394 696 2958 481 695 2959 395 697 2960 395 697 2961 481 695 2962 480 698 2963 395 697 2964 480 698 2965 396 699 2966 396 699 2967 480 698 2968 479 700 2969 396 699 2970 479 700 2971 397 638 2972 397 638 2973 479 700 2974 478 636 2975 154 342 2976 342 341 2977 155 701 2978 155 701 2979 342 341 2980 580 702 2981 155 701 2982 580 702 2983 156 703 2984 156 703 2985 580 702 2986 581 704 2987 156 703 2988 581 704 2989 157 705 2990 157 705 2991 581 704 2992 582 706 2993 157 705 2994 582 706 2995 158 707 2996 158 707 2997 582 706 2998 583 708 2999 158 707 3000 583 708 3001 159 709 3002 159 709 3003 583 708 3004 584 710 3005 159 709 3006 584 710 3007 160 711 3008 160 711 3009 584 710 3010 585 712 3011 160 711 3012 585 712 3013 161 713 3014 161 713 3015 585 712 3016 586 714 3017 161 713 3018 586 714 3019 162 715 3020 162 715 3021 586 714 3022 587 716 3023 162 715 3024 587 716 3025 579 717 3026 579 717 3027 587 716 3028 588 718 3029 579 717 3030 588 718 3031 578 719 3032 578 719 3033 588 718 3034 589 720 3035 578 719 3036 589 720 3037 577 721 3038 577 721 3039 589 720 3040 590 722 3041 577 721 3042 590 722 3043 576 723 3044 576 723 3045 590 722 3046 591 724 3047 576 723 3048 591 724 3049 575 725 3050 575 725 3051 591 724 3052 574 726 3053 574 726 3054 591 724 3055 592 727 3056 574 726 3057 592 727 3058 573 728 3059 573 728 3060 592 727 3061 350 373 3062 350 373 3063 592 727 3064 541 729 3065 350 373 3066 541 729 3067 351 371 3068 342 341 3069 555 730 3070 580 702 3071 580 702 3072 555 730 3073 554 731 3074 580 702 3075 554 731 3076 581 704 3077 581 704 3078 554 731 3079 553 732 3080 581 704 3081 553 732 3082 582 706 3083 582 706 3084 553 732 3085 552 733 3086 582 706 3087 552 733 3088 583 708 3089 583 708 3090 552 733 3091 551 734 3092 583 708 3093 551 734 3094 584 710 3095 584 710 3096 551 734 3097 550 735 3098 584 710 3099 550 735 3100 585 712 3101 585 712 3102 550 735 3103 549 736 3104 585 712 3105 549 736 3106 586 714 3107 586 714 3108 549 736 3109 548 737 3110 586 714 3111 548 737 3112 587 716 3113 587 716 3114 548 737 3115 547 738 3116 587 716 3117 547 738 3118 588 718 3119 588 718 3120 547 738 3121 546 739 3122 588 718 3123 546 739 3124 589 720 3125 589 720 3126 546 739 3127 545 740 3128 589 720 3129 545 740 3130 590 722 3131 590 722 3132 545 740 3133 544 741 3134 590 722 3135 544 741 3136 591 724 3137 591 724 3138 544 741 3139 543 742 3140 591 724 3141 543 742 3142 542 743 3143 591 724 3144 542 743 3145 592 727 3146 592 727 3147 542 743 3148 541 729 3149 146 229 3150 145 228 3151 343 744 3152 343 744 3153 145 228 3154 603 745 3155 343 744 3156 603 745 3157 344 746 3158 344 746 3159 603 745 3160 604 747 3161 344 746 3162 604 747 3163 345 748 3164 345 748 3165 604 747 3166 605 749 3167 345 748 3168 605 749 3169 346 750 3170 346 750 3171 605 749 3172 606 751 3173 346 750 3174 606 751 3175 347 752 3176 347 752 3177 606 751 3178 607 753 3179 347 752 3180 607 753 3181 348 754 3182 348 754 3183 607 753 3184 349 755 3185 349 755 3186 607 753 3187 608 756 3188 349 755 3189 608 756 3190 350 757 3191 350 757 3192 608 756 3193 609 758 3194 350 757 3195 609 758 3196 573 759 3197 573 759 3198 609 758 3199 610 760 3200 573 759 3201 610 760 3202 574 761 3203 574 761 3204 610 760 3205 611 762 3206 574 761 3207 611 762 3208 612 763 3209 612 763 3210 611 762 3211 627 764 3212 612 763 3213 627 764 3214 628 765 3215 628 765 3216 627 764 3217 643 766 3218 628 765 3219 643 766 3220 644 767 3221 644 767 3222 643 766 3223 659 768 3224 644 767 3225 659 768 3226 660 769 3227 660 769 3228 659 768 3229 674 770 3230 660 769 3231 674 770 3232 675 771 3233 675 771 3234 674 770 3235 689 772 3236 675 771 3237 689 772 3238 690 773 3239 690 773 3240 689 772 3241 703 774 3242 690 773 3243 703 774 3244 704 775 3245 704 775 3246 703 774 3247 724 776 3248 704 775 3249 724 776 3250 705 777 3251 705 777 3252 724 776 3253 723 778 3254 705 777 3255 723 778 3256 706 779 3257 706 779 3258 723 778 3259 722 780 3260 706 779 3261 722 780 3262 169 277 3263 169 277 3264 722 780 3265 721 781 3266 169 277 3267 721 781 3268 601 782 3269 601 782 3270 721 781 3271 720 783 3272 601 782 3273 720 783 3274 752 784 3275 752 784 3276 720 783 3277 719 785 3278 752 784 3279 719 785 3280 753 786 3281 753 786 3282 719 785 3283 718 787 3284 753 786 3285 718 787 3286 754 788 3287 754 788 3288 718 787 3289 717 789 3290 754 788 3291 717 789 3292 755 790 3293 755 790 3294 717 789 3295 716 791 3296 755 790 3297 716 791 3298 756 792 3299 756 792 3300 716 791 3301 715 793 3302 756 792 3303 715 793 3304 757 794 3305 757 794 3306 715 793 3307 714 795 3308 757 794 3309 714 795 3310 758 796 3311 758 796 3312 714 795 3313 713 797 3314 758 796 3315 713 797 3316 759 798 3317 759 798 3318 713 797 3319 712 799 3320 759 798 3321 712 799 3322 760 800 3323 760 800 3324 712 799 3325 711 801 3326 760 800 3327 711 801 3328 761 802 3329 761 802 3330 711 801 3331 710 803 3332 761 802 3333 710 803 3334 762 804 3335 762 804 3336 710 803 3337 709 805 3338 762 804 3339 709 805 3340 763 806 3341 763 806 3342 709 805 3343 708 807 3344 763 806 3345 708 807 3346 764 808 3347 764 808 3348 708 807 3349 707 809 3350 764 808 3351 707 809 3352 600 810 3353 600 810 3354 707 809 3355 593 811 3356 600 810 3357 593 811 3358 751 812 3359 751 812 3360 593 811 3361 594 813 3362 751 812 3363 594 813 3364 750 814 3365 750 814 3366 594 813 3367 595 815 3368 750 814 3369 595 815 3370 749 816 3371 749 816 3372 595 815 3373 596 817 3374 749 816 3375 596 817 3376 748 818 3377 748 818 3378 596 817 3379 597 819 3380 748 818 3381 597 819 3382 747 820 3383 747 820 3384 597 819 3385 598 821 3386 747 820 3387 598 821 3388 746 822 3389 746 822 3390 598 821 3391 599 823 3392 746 822 3393 599 823 3394 106 130 3395 603 745 3396 145 228 3397 618 824 3398 618 824 3399 145 228 3400 144 226 3401 618 824 3402 144 226 3403 633 825 3404 633 825 3405 144 226 3406 143 224 3407 633 825 3408 143 224 3409 648 826 3410 648 826 3411 143 224 3412 142 222 3413 648 826 3414 142 222 3415 141 220 3416 648 826 3417 141 220 3418 663 827 3419 663 827 3420 141 220 3421 140 203 3422 663 827 3423 140 203 3424 678 828 3425 678 828 3426 140 203 3427 602 829 3428 678 828 3429 602 829 3430 679 830 3431 679 830 3432 602 829 3433 693 831 3434 679 830 3435 693 831 3436 680 832 3437 680 832 3438 693 831 3439 694 833 3440 680 832 3441 694 833 3442 681 834 3443 681 834 3444 694 833 3445 695 835 3446 681 834 3447 695 835 3448 682 836 3449 682 836 3450 695 835 3451 696 837 3452 682 836 3453 696 837 3454 683 838 3455 683 838 3456 696 837 3457 697 839 3458 683 838 3459 697 839 3460 684 840 3461 684 840 3462 697 839 3463 698 841 3464 684 840 3465 698 841 3466 685 842 3467 685 842 3468 698 841 3469 699 843 3470 685 842 3471 699 843 3472 686 844 3473 686 844 3474 699 843 3475 700 845 3476 686 844 3477 700 845 3478 687 846 3479 687 846 3480 700 845 3481 701 847 3482 687 846 3483 701 847 3484 688 848 3485 688 848 3486 701 847 3487 702 849 3488 688 848 3489 702 849 3490 689 772 3491 689 772 3492 702 849 3493 703 774 3494 140 203 3495 139 137 3496 602 829 3497 602 829 3498 139 137 3499 736 850 3500 602 829 3501 736 850 3502 693 831 3503 693 831 3504 736 850 3505 735 851 3506 693 831 3507 735 851 3508 694 833 3509 694 833 3510 735 851 3511 734 852 3512 694 833 3513 734 852 3514 695 835 3515 695 835 3516 734 852 3517 733 853 3518 695 835 3519 733 853 3520 696 837 3521 696 837 3522 733 853 3523 732 854 3524 696 837 3525 732 854 3526 697 839 3527 697 839 3528 732 854 3529 731 855 3530 697 839 3531 731 855 3532 698 841 3533 698 841 3534 731 855 3535 730 856 3536 698 841 3537 730 856 3538 699 843 3539 699 843 3540 730 856 3541 729 857 3542 699 843 3543 729 857 3544 728 858 3545 728 858 3546 729 857 3547 714 795 3548 728 858 3549 714 795 3550 715 793 3551 736 850 3552 139 137 3553 707 809 3554 707 809 3555 139 137 3556 138 139 3557 707 809 3558 138 139 3559 593 811 3560 746 822 3561 106 130 3562 745 859 3563 745 859 3564 106 130 3565 105 128 3566 745 859 3567 105 128 3568 744 860 3569 744 860 3570 105 128 3571 104 126 3572 744 860 3573 104 126 3574 743 861 3575 743 861 3576 104 126 3577 103 124 3578 743 861 3579 103 124 3580 742 862 3581 742 862 3582 103 124 3583 741 863 3584 742 862 3585 741 863 3586 756 792 3587 756 792 3588 741 863 3589 755 790 3590 103 124 3591 102 122 3592 741 863 3593 741 863 3594 102 122 3595 740 864 3596 741 863 3597 740 864 3598 755 790 3599 755 790 3600 740 864 3601 754 788 3602 102 122 3603 101 111 3604 740 864 3605 740 864 3606 101 111 3607 739 865 3608 740 864 3609 739 865 3610 754 788 3611 754 788 3612 739 865 3613 753 786 3614 101 111 3615 100 110 3616 739 865 3617 739 865 3618 100 110 3619 738 866 3620 739 865 3621 738 866 3622 753 786 3623 753 786 3624 738 866 3625 752 784 3626 100 110 3627 99 120 3628 738 866 3629 738 866 3630 99 120 3631 737 867 3632 738 866 3633 737 867 3634 752 784 3635 752 784 3636 737 867 3637 601 782 3638 99 120 3639 98 119 3640 737 867 3641 737 867 3642 98 119 3643 601 782 3644 98 119 3645 169 277 3646 601 782 3647 169 277 3648 168 271 3649 706 779 3650 706 779 3651 168 271 3652 692 868 3653 706 779 3654 692 868 3655 705 777 3656 705 777 3657 692 868 3658 691 869 3659 705 777 3660 691 869 3661 704 775 3662 704 775 3663 691 869 3664 690 773 3665 168 271 3666 167 264 3667 692 868 3668 692 868 3669 167 264 3670 677 870 3671 692 868 3672 677 870 3673 691 869 3674 691 869 3675 677 870 3676 676 871 3677 691 869 3678 676 871 3679 690 773 3680 690 773 3681 676 871 3682 675 771 3683 167 264 3684 166 255 3685 677 870 3686 677 870 3687 166 255 3688 662 872 3689 677 870 3690 662 872 3691 676 871 3692 676 871 3693 662 872 3694 661 873 3695 676 871 3696 661 873 3697 675 771 3698 675 771 3699 661 873 3700 660 769 3701 166 255 3702 165 245 3703 662 872 3704 662 872 3705 165 245 3706 647 874 3707 662 872 3708 647 874 3709 646 875 3710 646 875 3711 647 874 3712 631 876 3713 646 875 3714 631 876 3715 630 877 3716 630 877 3717 631 876 3718 615 878 3719 630 877 3720 615 878 3721 614 879 3722 614 879 3723 615 878 3724 577 880 3725 614 879 3726 577 880 3727 576 881 3728 165 245 3729 164 169 3730 647 874 3731 647 874 3732 164 169 3733 632 882 3734 647 874 3735 632 882 3736 631 876 3737 631 876 3738 632 882 3739 616 883 3740 631 876 3741 616 883 3742 615 878 3743 615 878 3744 616 883 3745 578 884 3746 615 878 3747 578 884 3748 577 880 3749 164 169 3750 163 170 3751 632 882 3752 632 882 3753 163 170 3754 617 885 3755 632 882 3756 617 885 3757 616 883 3758 616 883 3759 617 885 3760 579 886 3761 616 883 3762 579 886 3763 578 884 3764 163 170 3765 162 172 3766 617 885 3767 617 885 3768 162 172 3769 579 886 3770 614 879 3771 576 881 3772 613 887 3773 613 887 3774 576 881 3775 575 888 3776 613 887 3777 575 888 3778 612 763 3779 612 763 3780 575 888 3781 574 761 3782 735 851 3783 736 850 3784 707 809 3785 720 783 3786 721 781 3787 722 780 3788 604 747 3789 603 745 3790 619 889 3791 619 889 3792 603 745 3793 618 824 3794 619 889 3795 618 824 3796 634 890 3797 634 890 3798 618 824 3799 633 825 3800 634 890 3801 633 825 3802 649 891 3803 649 891 3804 633 825 3805 648 826 3806 649 891 3807 648 826 3808 663 827 3809 605 749 3810 604 747 3811 620 892 3812 620 892 3813 604 747 3814 619 889 3815 620 892 3816 619 889 3817 635 893 3818 635 893 3819 619 889 3820 634 890 3821 635 893 3822 634 890 3823 650 894 3824 650 894 3825 634 890 3826 649 891 3827 650 894 3828 649 891 3829 664 895 3830 664 895 3831 649 891 3832 663 827 3833 664 895 3834 663 827 3835 678 828 3836 606 751 3837 605 749 3838 621 896 3839 621 896 3840 605 749 3841 620 892 3842 621 896 3843 620 892 3844 636 897 3845 636 897 3846 620 892 3847 635 893 3848 636 897 3849 635 893 3850 651 898 3851 651 898 3852 635 893 3853 650 894 3854 651 898 3855 650 894 3856 665 899 3857 665 899 3858 650 894 3859 664 895 3860 665 899 3861 664 895 3862 679 830 3863 679 830 3864 664 895 3865 678 828 3866 607 753 3867 606 751 3868 622 900 3869 622 900 3870 606 751 3871 621 896 3872 622 900 3873 621 896 3874 637 901 3875 637 901 3876 621 896 3877 636 897 3878 637 901 3879 636 897 3880 652 902 3881 652 902 3882 636 897 3883 651 898 3884 652 902 3885 651 898 3886 666 903 3887 666 903 3888 651 898 3889 665 899 3890 666 903 3891 665 899 3892 680 832 3893 680 832 3894 665 899 3895 679 830 3896 608 756 3897 607 753 3898 623 904 3899 623 904 3900 607 753 3901 622 900 3902 623 904 3903 622 900 3904 638 905 3905 638 905 3906 622 900 3907 637 901 3908 638 905 3909 637 901 3910 653 906 3911 653 906 3912 637 901 3913 652 902 3914 653 906 3915 652 902 3916 667 907 3917 667 907 3918 652 902 3919 666 903 3920 667 907 3921 666 903 3922 681 834 3923 681 834 3924 666 903 3925 680 832 3926 609 758 3927 608 756 3928 624 908 3929 624 908 3930 608 756 3931 623 904 3932 624 908 3933 623 904 3934 639 909 3935 639 909 3936 623 904 3937 638 905 3938 639 909 3939 638 905 3940 654 910 3941 654 910 3942 638 905 3943 653 906 3944 654 910 3945 653 906 3946 668 911 3947 668 911 3948 653 906 3949 667 907 3950 668 911 3951 667 907 3952 682 836 3953 682 836 3954 667 907 3955 681 834 3956 610 760 3957 609 758 3958 625 912 3959 625 912 3960 609 758 3961 624 908 3962 625 912 3963 624 908 3964 640 913 3965 640 913 3966 624 908 3967 639 909 3968 640 913 3969 639 909 3970 655 914 3971 655 914 3972 639 909 3973 654 910 3974 655 914 3975 654 910 3976 670 915 3977 670 915 3978 654 910 3979 669 916 3980 670 915 3981 669 916 3982 684 840 3983 684 840 3984 669 916 3985 683 838 3986 611 762 3987 610 760 3988 626 917 3989 626 917 3990 610 760 3991 625 912 3992 626 917 3993 625 912 3994 641 918 3995 641 918 3996 625 912 3997 640 913 3998 641 918 3999 640 913 4000 656 919 4001 656 919 4002 640 913 4003 655 914 4004 656 919 4005 655 914 4006 670 915 4007 612 763 4008 628 765 4009 613 887 4010 613 887 4011 628 765 4012 629 920 4013 613 887 4014 629 920 4015 614 879 4016 614 879 4017 629 920 4018 630 877 4019 611 762 4020 626 917 4021 627 764 4022 627 764 4023 626 917 4024 642 921 4025 627 764 4026 642 921 4027 643 766 4028 643 766 4029 642 921 4030 658 922 4031 643 766 4032 658 922 4033 659 768 4034 659 768 4035 658 922 4036 673 923 4037 659 768 4038 673 923 4039 674 770 4040 674 770 4041 673 923 4042 688 848 4043 674 770 4044 688 848 4045 689 772 4046 642 921 4047 626 917 4048 641 918 4049 628 765 4050 644 767 4051 629 920 4052 629 920 4053 644 767 4054 645 924 4055 629 920 4056 645 924 4057 630 877 4058 630 877 4059 645 924 4060 646 875 4061 642 921 4062 641 918 4063 657 925 4064 657 925 4065 641 918 4066 656 919 4067 657 925 4068 656 919 4069 671 926 4070 671 926 4071 656 919 4072 670 915 4073 671 926 4074 670 915 4075 685 842 4076 685 842 4077 670 915 4078 684 840 4079 644 767 4080 660 769 4081 645 924 4082 645 924 4083 660 769 4084 661 873 4085 645 924 4086 661 873 4087 646 875 4088 646 875 4089 661 873 4090 662 872 4091 669 916 4092 654 910 4093 668 911 4094 642 921 4095 657 925 4096 658 922 4097 658 922 4098 657 925 4099 672 927 4100 658 922 4101 672 927 4102 673 923 4103 673 923 4104 672 927 4105 687 846 4106 673 923 4107 687 846 4108 688 848 4109 672 927 4110 657 925 4111 671 926 4112 683 838 4113 669 916 4114 668 911 4115 683 838 4116 668 911 4117 682 836 4118 685 842 4119 686 844 4120 671 926 4121 671 926 4122 686 844 4123 672 927 4124 686 844 4125 687 846 4126 672 927 4127 699 843 4128 728 858 4129 700 845 4130 700 845 4131 728 858 4132 727 928 4133 700 845 4134 727 928 4135 701 847 4136 701 847 4137 727 928 4138 726 929 4139 701 847 4140 726 929 4141 702 849 4142 702 849 4143 726 929 4144 725 930 4145 702 849 4146 725 930 4147 703 774 4148 703 774 4149 725 930 4150 724 776 4151 734 852 4152 735 851 4153 708 807 4154 708 807 4155 735 851 4156 707 809 4157 733 853 4158 734 852 4159 709 805 4160 709 805 4161 734 852 4162 708 807 4163 732 854 4164 733 853 4165 710 803 4166 710 803 4167 733 853 4168 709 805 4169 731 855 4170 732 854 4171 711 801 4172 711 801 4173 732 854 4174 710 803 4175 730 856 4176 731 855 4177 712 799 4178 712 799 4179 731 855 4180 711 801 4181 729 857 4182 730 856 4183 713 797 4184 713 797 4185 730 856 4186 712 799 4187 713 797 4188 714 795 4189 729 857 4190 727 928 4191 728 858 4192 715 793 4193 726 929 4194 727 928 4195 716 791 4196 716 791 4197 727 928 4198 715 793 4199 725 930 4200 726 929 4201 717 789 4202 717 789 4203 726 929 4204 716 791 4205 724 776 4206 725 930 4207 718 787 4208 718 787 4209 725 930 4210 717 789 4211 723 778 4212 724 776 4213 719 785 4214 719 785 4215 724 776 4216 718 787 4217 722 780 4218 723 778 4219 720 783 4220 720 783 4221 723 778 4222 719 785 4223 756 792 4224 757 794 4225 742 862 4226 742 862 4227 757 794 4228 743 861 4229 757 794 4230 758 796 4231 743 861 4232 743 861 4233 758 796 4234 744 860 4235 758 796 4236 759 798 4237 744 860 4238 744 860 4239 759 798 4240 745 859 4241 759 798 4242 760 800 4243 745 859 4244 745 859 4245 760 800 4246 746 822 4247 760 800 4248 761 802 4249 746 822 4250 746 822 4251 761 802 4252 747 820 4253 761 802 4254 762 804 4255 747 820 4256 747 820 4257 762 804 4258 748 818 4259 762 804 4260 763 806 4261 748 818 4262 748 818 4263 763 806 4264 749 816 4265 600 810 4266 751 812 4267 750 814 4268 763 806 4269 764 808 4270 749 816 4271 749 816 4272 764 808 4273 750 814 4274 764 808 4275 600 810 4276 750 814 4277 170 263 4278 90 89 4279 781 931 4280 781 931 4281 90 89 4282 89 88 4283 781 931 4284 89 88 4285 765 932 4286 781 931 4287 765 932 4288 780 933 4289 780 933 4290 765 932 4291 766 934 4292 780 933 4293 766 934 4294 782 935 4295 782 935 4296 766 934 4297 767 936 4298 782 935 4299 767 936 4300 783 937 4301 783 937 4302 767 936 4303 768 938 4304 783 937 4305 768 938 4306 784 939 4307 784 939 4308 768 938 4309 769 940 4310 784 939 4311 769 940 4312 785 941 4313 785 941 4314 769 940 4315 770 942 4316 785 941 4317 770 942 4318 786 943 4319 786 943 4320 770 942 4321 787 944 4322 786 943 4323 787 944 4324 175 143 4325 175 143 4326 787 944 4327 176 141 4328 176 141 4329 787 944 4330 788 945 4331 176 141 4332 788 945 4333 138 139 4334 138 139 4335 788 945 4336 593 811 4337 593 811 4338 788 945 4339 789 946 4340 593 811 4341 789 946 4342 594 813 4343 594 813 4344 789 946 4345 790 947 4346 594 813 4347 790 947 4348 595 815 4349 595 815 4350 790 947 4351 791 948 4352 595 815 4353 791 948 4354 596 817 4355 596 817 4356 791 948 4357 792 949 4358 596 817 4359 792 949 4360 597 819 4361 597 819 4362 792 949 4363 793 950 4364 597 819 4365 793 950 4366 598 821 4367 598 821 4368 793 950 4369 794 951 4370 598 821 4371 794 951 4372 599 823 4373 599 823 4374 794 951 4375 106 130 4376 106 130 4377 794 951 4378 779 952 4379 106 130 4380 779 952 4381 107 131 4382 770 942 4383 771 953 4384 787 944 4385 787 944 4386 771 953 4387 788 945 4388 771 953 4389 772 954 4390 788 945 4391 788 945 4392 772 954 4393 773 955 4394 788 945 4395 773 955 4396 789 946 4397 789 946 4398 773 955 4399 774 956 4400 789 946 4401 774 956 4402 790 947 4403 790 947 4404 774 956 4405 775 957 4406 790 947 4407 775 957 4408 791 948 4409 791 948 4410 775 957 4411 776 958 4412 791 948 4413 776 958 4414 792 949 4415 792 949 4416 776 958 4417 777 959 4418 792 949 4419 777 959 4420 793 950 4421 793 950 4422 777 959 4423 778 960 4424 793 950 4425 778 960 4426 794 951 4427 794 951 4428 778 960 4429 779 952 4430 786 943 4431 175 143 4432 785 941 4433 785 941 4434 175 143 4435 174 145 4436 785 941 4437 174 145 4438 784 939 4439 784 939 4440 174 145 4441 173 147 4442 784 939 4443 173 147 4444 783 937 4445 783 937 4446 173 147 4447 172 149 4448 783 937 4449 172 149 4450 782 935 4451 782 935 4452 172 149 4453 171 254 4454 782 935 4455 171 254 4456 780 933 4457 780 933 4458 171 254 4459 170 263 4460 780 933 4461 170 263 4462 781 931 4463 1 1 4464 0 0 4465 856 961 4466 856 961 4467 0 0 4468 858 962 4469 856 961 4470 858 962 4471 855 963 4472 855 963 4473 858 962 4474 854 964 4475 854 964 4476 858 962 4477 857 965 4478 854 964 4479 857 965 4480 853 966 4481 853 966 4482 857 965 4483 859 967 4484 853 966 4485 859 967 4486 852 968 4487 852 968 4488 859 967 4489 851 969 4490 851 969 4491 859 967 4492 860 970 4493 851 969 4494 860 970 4495 850 971 4496 850 971 4497 860 970 4498 849 972 4499 849 972 4500 860 970 4501 861 973 4502 849 972 4503 861 973 4504 848 974 4505 848 974 4506 861 973 4507 862 975 4508 848 974 4509 862 975 4510 847 976 4511 847 976 4512 862 975 4513 846 977 4514 846 977 4515 862 975 4516 863 978 4517 846 977 4518 863 978 4519 845 979 4520 845 979 4521 863 978 4522 844 980 4523 844 980 4524 863 978 4525 864 981 4526 844 980 4527 864 981 4528 843 982 4529 843 982 4530 864 981 4531 865 983 4532 843 982 4533 865 983 4534 842 984 4535 842 984 4536 865 983 4537 866 985 4538 842 984 4539 866 985 4540 841 986 4541 841 986 4542 866 985 4543 840 987 4544 840 987 4545 866 985 4546 867 988 4547 840 987 4548 867 988 4549 839 989 4550 839 989 4551 867 988 4552 868 990 4553 839 989 4554 868 990 4555 838 991 4556 838 991 4557 868 990 4558 869 992 4559 838 991 4560 869 992 4561 837 993 4562 837 993 4563 869 992 4564 870 994 4565 837 993 4566 870 994 4567 836 995 4568 836 995 4569 870 994 4570 871 996 4571 836 995 4572 871 996 4573 835 997 4574 835 997 4575 871 996 4576 872 998 4577 835 997 4578 872 998 4579 834 999 4580 834 999 4581 872 998 4582 873 1000 4583 834 999 4584 873 1000 4585 833 1001 4586 833 1001 4587 873 1000 4588 832 1002 4589 832 1002 4590 873 1000 4591 874 1003 4592 832 1002 4593 874 1003 4594 831 1004 4595 831 1004 4596 874 1003 4597 875 1005 4598 831 1004 4599 875 1005 4600 830 1006 4601 830 1006 4602 875 1005 4603 876 1007 4604 830 1006 4605 876 1007 4606 829 1008 4607 829 1008 4608 876 1007 4609 877 1009 4610 829 1008 4611 877 1009 4612 828 1010 4613 828 1010 4614 877 1009 4615 878 1011 4616 828 1010 4617 878 1011 4618 827 1012 4619 827 1012 4620 878 1011 4621 879 1013 4622 827 1012 4623 879 1013 4624 826 1014 4625 826 1014 4626 879 1013 4627 33 58 4628 33 58 4629 879 1013 4630 825 1015 4631 33 58 4632 825 1015 4633 34 56 4634 0 0 4635 795 1016 4636 858 962 4637 858 962 4638 795 1016 4639 796 1017 4640 858 962 4641 796 1017 4642 797 1018 4643 858 962 4644 797 1018 4645 857 965 4646 857 965 4647 797 1018 4648 798 1019 4649 857 965 4650 798 1019 4651 859 967 4652 859 967 4653 798 1019 4654 799 1020 4655 859 967 4656 799 1020 4657 800 1021 4658 859 967 4659 800 1021 4660 860 970 4661 860 970 4662 800 1021 4663 801 1022 4664 860 970 4665 801 1022 4666 802 1023 4667 860 970 4668 802 1023 4669 861 973 4670 861 973 4671 802 1023 4672 803 1024 4673 861 973 4674 803 1024 4675 862 975 4676 862 975 4677 803 1024 4678 804 1025 4679 862 975 4680 804 1025 4681 805 1026 4682 862 975 4683 805 1026 4684 863 978 4685 863 978 4686 805 1026 4687 806 1027 4688 863 978 4689 806 1027 4690 807 1028 4691 863 978 4692 807 1028 4693 864 981 4694 864 981 4695 807 1028 4696 808 1029 4697 864 981 4698 808 1029 4699 865 983 4700 865 983 4701 808 1029 4702 809 1030 4703 865 983 4704 809 1030 4705 866 985 4706 866 985 4707 809 1030 4708 810 1031 4709 866 985 4710 810 1031 4711 811 1032 4712 866 985 4713 811 1032 4714 867 988 4715 867 988 4716 811 1032 4717 812 1033 4718 867 988 4719 812 1033 4720 868 990 4721 868 990 4722 812 1033 4723 813 1034 4724 868 990 4725 813 1034 4726 869 992 4727 869 992 4728 813 1034 4729 814 1035 4730 869 992 4731 814 1035 4732 870 994 4733 870 994 4734 814 1035 4735 815 1036 4736 870 994 4737 815 1036 4738 871 996 4739 871 996 4740 815 1036 4741 816 1037 4742 871 996 4743 816 1037 4744 872 998 4745 872 998 4746 816 1037 4747 817 1038 4748 872 998 4749 817 1038 4750 873 1000 4751 873 1000 4752 817 1038 4753 818 1001 4754 873 1000 4755 818 1001 4756 819 1039 4757 873 1000 4758 819 1039 4759 874 1003 4760 874 1003 4761 819 1039 4762 820 1040 4763 874 1003 4764 820 1040 4765 875 1005 4766 875 1005 4767 820 1040 4768 821 1041 4769 875 1005 4770 821 1041 4771 876 1007 4772 876 1007 4773 821 1041 4774 822 1042 4775 876 1007 4776 822 1042 4777 877 1009 4778 877 1009 4779 822 1042 4780 823 1043 4781 877 1009 4782 823 1043 4783 878 1011 4784 878 1011 4785 823 1043 4786 824 1044 4787 878 1011 4788 824 1044 4789 879 1013 4790 879 1013 4791 824 1044 4792 825 1015 4793 779 1045 4794 33 1046 4795 107 1047 4796 107 1047 4797 33 1046 4798 32 1048 4799 107 1047 4800 32 1048 4801 108 1049 4802 108 1049 4803 32 1048 4804 31 1050 4805 108 1049 4806 31 1050 4807 30 1051 4808 779 1045 4809 778 1048 4810 33 1046 4811 33 1046 4812 778 1048 4813 826 1048 4814 826 1048 4815 778 1048 4816 777 1048 4817 826 1048 4818 777 1048 4819 776 1052 4820 775 1048 4821 832 1053 4822 776 1052 4823 776 1052 4824 832 1053 4825 831 1054 4826 776 1052 4827 831 1054 4828 830 1048 4829 774 1048 4830 836 1048 4831 775 1048 4832 775 1048 4833 836 1048 4834 835 1048 4835 775 1048 4836 835 1048 4837 834 1048 4838 773 1048 4839 838 1048 4840 774 1048 4841 774 1048 4842 838 1048 4843 837 1048 4844 774 1048 4845 837 1048 4846 836 1048 4847 772 1048 4848 840 1048 4849 773 1048 4850 773 1048 4851 840 1048 4852 839 1048 4853 773 1048 4854 839 1048 4855 838 1048 4856 771 1048 4857 842 1048 4858 772 1048 4859 772 1048 4860 842 1048 4861 841 1048 4862 772 1048 4863 841 1048 4864 840 1048 4865 770 1048 4866 844 1048 4867 771 1048 4868 771 1048 4869 844 1048 4870 843 1048 4871 771 1048 4872 843 1048 4873 842 1048 4874 769 1055 4875 846 1048 4876 770 1048 4877 770 1048 4878 846 1048 4879 845 1048 4880 770 1048 4881 845 1048 4882 844 1048 4883 768 1056 4884 848 1057 4885 769 1055 4886 769 1055 4887 848 1057 4888 847 1048 4889 769 1055 4890 847 1048 4891 846 1048 4892 767 1048 4893 850 1058 4894 768 1056 4895 768 1056 4896 850 1058 4897 849 1059 4898 768 1056 4899 849 1059 4900 848 1057 4901 766 1048 4902 852 1048 4903 767 1048 4904 767 1048 4905 852 1048 4906 851 1048 4907 767 1048 4908 851 1048 4909 850 1058 4910 765 1060 4911 854 1061 4912 766 1048 4913 766 1048 4914 854 1061 4915 853 1048 4916 766 1048 4917 853 1048 4918 852 1048 4919 89 1048 4920 856 1048 4921 765 1060 4922 765 1060 4923 856 1048 4924 855 1062 4925 765 1060 4926 855 1062 4927 854 1061 4928 122 1063 4929 2 1048 4930 89 1048 4931 89 1048 4932 2 1048 4933 1 1048 4934 89 1048 4935 1 1048 4936 856 1048 4937 2 1048 4938 122 1063 4939 3 1064 4940 3 1064 4941 122 1063 4942 121 1065 4943 3 1064 4944 121 1065 4945 120 1066 4946 120 1066 4947 119 1048 4948 3 1064 4949 3 1064 4950 119 1048 4951 118 1048 4952 3 1064 4953 118 1048 4954 117 1048 4955 117 1048 4956 116 1048 4957 3 1064 4958 3 1064 4959 116 1048 4960 115 1067 4961 3 1064 4962 115 1067 4963 4 1048 4964 4 1048 4965 115 1067 4966 5 1048 4967 5 1048 4968 115 1067 4969 6 1048 4970 6 1048 4971 115 1067 4972 7 1048 4973 7 1048 4974 115 1067 4975 8 1048 4976 8 1048 4977 115 1067 4978 9 1048 4979 9 1048 4980 115 1067 4981 10 1048 4982 10 1048 4983 115 1067 4984 11 1048 4985 11 1048 4986 115 1067 4987 12 1048 4988 12 1048 4989 115 1067 4990 13 1048 4991 13 1048 4992 115 1067 4993 14 1048 4994 14 1048 4995 115 1067 4996 15 1048 4997 15 1048 4998 115 1067 4999 16 1048 5000 16 1048 5001 115 1067 5002 17 1048 5003 17 1048 5004 115 1067 5005 18 1068 5006 18 1068 5007 115 1067 5008 114 1069 5009 18 1068 5010 114 1069 5011 19 1048 5012 19 1048 5013 114 1069 5014 20 1070 5015 20 1070 5016 114 1069 5017 113 1071 5018 20 1070 5019 113 1071 5020 21 1048 5021 21 1048 5022 113 1071 5023 22 1072 5024 22 1072 5025 113 1071 5026 112 1073 5027 22 1072 5028 112 1073 5029 23 1048 5030 23 1048 5031 112 1073 5032 24 1074 5033 24 1074 5034 112 1073 5035 111 1075 5036 24 1074 5037 111 1075 5038 25 1076 5039 25 1076 5040 111 1075 5041 26 1077 5042 26 1077 5043 111 1075 5044 110 1078 5045 26 1077 5046 110 1078 5047 27 1048 5048 27 1048 5049 110 1078 5050 28 1079 5051 28 1079 5052 110 1078 5053 109 1080 5054 28 1079 5055 109 1080 5056 29 1048 5057 29 1048 5058 109 1080 5059 30 1051 5060 30 1051 5061 109 1080 5062 108 1049 5063 834 1048 5064 833 1048 5065 775 1048 5066 775 1048 5067 833 1048 5068 832 1053 5069 830 1048 5070 829 1048 5071 776 1052 5072 776 1052 5073 829 1048 5074 828 1048 5075 776 1052 5076 828 1048 5077 827 1048 5078 827 1048 5079 826 1048 5080 776 1052 5081 795 1081 5082 0 1081 5083 880 1081 5084 880 1081 5085 0 1081 5086 65 1081 5087 880 1081 5088 65 1081 5089 64 1081 5090 64 1081 5091 63 1081 5092 880 1081 5093 880 1081 5094 63 1081 5095 62 1081 5096 880 1081 5097 62 1081 5098 61 1081 5099 61 1081 5100 60 1081 5101 880 1081 5102 880 1081 5103 60 1081 5104 59 1081 5105 880 1081 5106 59 1081 5107 58 1081 5108 58 1081 5109 57 1081 5110 880 1081 5111 880 1081 5112 57 1081 5113 56 1081 5114 880 1081 5115 56 1081 5116 55 1081 5117 55 1081 5118 54 1081 5119 880 1081 5120 880 1081 5121 54 1081 5122 53 1081 5123 880 1081 5124 53 1081 5125 52 1081 5126 52 1081 5127 51 1081 5128 880 1081 5129 880 1081 5130 51 1081 5131 50 1081 5132 880 1081 5133 50 1081 5134 49 1081 5135 49 1081 5136 48 1081 5137 880 1081 5138 880 1081 5139 48 1081 5140 47 1081 5141 880 1081 5142 47 1081 5143 46 1081 5144 46 1081 5145 45 1081 5146 880 1081 5147 880 1081 5148 45 1081 5149 44 1081 5150 880 1081 5151 44 1081 5152 43 1081 5153 43 1081 5154 42 1081 5155 880 1081 5156 880 1081 5157 42 1081 5158 41 1081 5159 880 1081 5160 41 1081 5161 40 1081 5162 40 1081 5163 39 1081 5164 880 1081 5165 880 1081 5166 39 1081 5167 38 1081 5168 880 1081 5169 38 1081 5170 37 1081 5171 37 1081 5172 36 1081 5173 880 1081 5174 880 1081 5175 36 1081 5176 35 1081 5177 880 1081 5178 35 1081 5179 34 1081 5180 34 1081 5181 825 1081 5182 880 1081 5183 880 1081 5184 825 1081 5185 824 1081 5186 880 1081 5187 824 1081 5188 823 1081 5189 823 1081 5190 822 1081 5191 880 1081 5192 880 1081 5193 822 1081 5194 821 1081 5195 880 1081 5196 821 1081 5197 820 1081 5198 820 1081 5199 819 1081 5200 880 1081 5201 880 1081 5202 819 1081 5203 818 1081 5204 880 1081 5205 818 1081 5206 817 1081 5207 817 1081 5208 816 1081 5209 880 1081 5210 880 1081 5211 816 1081 5212 815 1081 5213 880 1081 5214 815 1081 5215 814 1081 5216 814 1081 5217 813 1081 5218 880 1081 5219 880 1081 5220 813 1081 5221 812 1081 5222 880 1081 5223 812 1081 5224 811 1081 5225 811 1081 5226 810 1081 5227 880 1081 5228 880 1081 5229 810 1081 5230 809 1081 5231 880 1081 5232 809 1081 5233 808 1081 5234 808 1081 5235 807 1081 5236 880 1081 5237 880 1081 5238 807 1081 5239 806 1081 5240 880 1081 5241 806 1081 5242 805 1081 5243 805 1081 5244 804 1081 5245 880 1081 5246 880 1081 5247 804 1081 5248 803 1081 5249 880 1081 5250 803 1081 5251 802 1081 5252 802 1081 5253 801 1081 5254 880 1081 5255 880 1081 5256 801 1081 5257 800 1081 5258 880 1081 5259 800 1081 5260 799 1081 5261 799 1081 5262 798 1081 5263 880 1081 5264 880 1081 5265 798 1081 5266 797 1081 5267 880 1081 5268 797 1081 5269 796 1081 5270 796 1081 5271 795 1081 5272 880 1081 5273</p>
        </triangles>
      </mesh>
    </geometry>
  </library_geometries>
  <library_visual_scenes>
    <visual_scene id="Scene" name="Scene">
      <node id="MOCK_EE_v3" name="MOCK EE v3" type="NODE">
        <matrix sid="transform">0.001 0 0 0 0 7.54979e-11 -0.001 0 0 0.001 7.54979e-11 0 0 0 0 1</matrix>
        <node id="Component1_1" name="Component1:1" type="NODE">
          <matrix sid="transform">1 0 0 0 0 1 0 0 0 0 1 0 0 0 0 1</matrix>
          <node id="Component1" name="Component1" type="NODE">
            <matrix sid="transform">1 0 0 0 0 1 0 0 0 0 1 0 0 0 0 1</matrix>
            <node id="Body1" name="Body1" type="NODE">
              <matrix sid="transform">10 0 0 0 0 10 0 0 0 0 10 0 0 0 0 1</matrix>
              <instance_geometry url="#Body1-mesh" name="Body1">
                <bind_material>
                  <technique_common>
                    <instance_material symbol="Titanium_-_Polished-material" target="#Titanium_-_Polished-material">
                      <bind_vertex_input semantic="Texture UVs" input_semantic="TEXCOORD" input_set="0"/>
                    </instance_material>
                  </technique_common>
                </bind_material>
              </instance_geometry>
            </node>
          </node>
        </node>
      </node>
      <node id="Camera" name="Camera" type="NODE">
        <matrix sid="transform">0.6859207 -0.3240135 0.6515582 7.358891 0.7276763 0.3054208 -0.6141704 -6.925791 0 0.8953956 0.4452714 4.958309 0 0 0 1</matrix>
        <instance_camera url="#Camera-camera"/>
      </node>
      <node id="Light" name="Light" type="NODE">
        <matrix sid="transform">-0.2908646 -0.7711008 0.5663932 4.076245 0.9551712 -0.1998834 0.2183912 1.005454 -0.05518906 0.6045247 0.7946723 5.903862 0 0 0 1</matrix>
        <instance_light url="#Light-light"/>
      </node>
    </visual_scene>
  </library_visual_scenes>
  <scene>
    <instance_visual_scene url="#Scene"/>
  </scene>
</COLLADA>